Cavité :	Puits du 8 ao�t
Système de coordonnées : UTM - fuseau 31
E	De	A	AZ	Pente	dH	L	Lh	Deb Tpf	Fin Tpf	L Ga	L Dr	H Sup	H Inf	Pente Calc	dH Calc	L Calc	Lh Calc	X	Y	Z	SLh	Suites	Commentaires
Coordonnées de l'entrée : 		8a1																724130.5	5021903.9	1912.0			

Galerie :	Galerie d'entr�e
Date du lever : 	02/09/2012	Déclinaison = 	1.01 °
Operateurs :	?ric Sanson notes	Serge Caillault length compass clino
mesures des longueurs :	DistoX
mesures des Azimuts :	DistoX	 en degrés
mesures des Pentes :	DistoX	 en degrés
	8a1	>< 8a2	 172.6 °	 -28.3 °		4.19				1.2	2.4	0.5	6.5	 -28.3 °	-1.98	4.19	3.69	724131.1	5021900.3	1910.0	3.7		

	8a1	    -- -->  	  72.5 °	   9.3 °		3.01								   9.3 °	0.49	3.01	2.97	724133.4	5021904.8	1912.5	3.0		

	8a1	    -- -->  	 209.9 °	   3.0 °		8.82								   3.0 °	0.46	8.82	8.81	724126.3	5021896.2	1912.4	8.8		

	8a1	    -- -->  	 298.4 °	 -15.2 °		3.56								 -15.2 °	-0.93	3.56	3.44	724127.5	5021905.5	1911.0	3.4		

	8a1	    -- -->  	 165.0 °	  17.9 °		7.80								  17.9 °	2.40	7.80	7.43	724132.6	5021896.8	1914.4	7.4		

	8a2	    -- -->  	  77.9 °	  -1.3 °		1.32								  -1.3 °	-0.03	1.32	1.32	724132.4	5021900.6	1910.0	5.0		

	8a2	    -- -->  	 246.2 °	  -6.5 °		3.04								  -6.5 °	-0.34	3.04	3.02	724128.3	5021899.0	1909.7	6.7		

	8a2	    -- -->  	 199.7 °	  83.5 °		0.52								  83.5 °	0.52	0.52	0.06	724131.1	5021900.2	1910.5	3.7		

	8a2	    -- -->  	 178.7 °	 -78.4 °		6.63								 -78.4 °	-6.49	6.63	1.33	724131.1	5021898.9	1903.5	5.0		

	8a2	   8a3	 199.7 °	 -74.4 °		5.45				2.3	1.6	3.5	1.3	 -74.4 °	-5.25	5.45	1.46	724130.6	5021898.9	1904.7	5.2		

	8a3	    -- -->  	 129.6 °	   0.2 °		2.45								   0.2 °	0.01	2.45	2.45	724132.5	5021897.3	1904.8	7.6		

	8a3	    -- -->  	 255.4 °	   0.3 °		1.94								   0.3 °	0.01	1.94	1.94	724128.7	5021898.3	1904.8	7.1		

	8a3	    -- -->  	 245.1 °	  88.7 °		3.50								  88.7 °	3.50	3.50	0.08	724130.5	5021898.8	1908.2	5.2		

	8a3	    -- -->  	 184.8 °	 -83.7 °		1.30								 -83.7 °	-1.30	1.30	0.14	724130.6	5021898.7	1903.4	5.3		

	8a3	   8a4	 188.2 °	 -34.7 °		4.63				0.7	0.9	0.4	5.8	 -34.7 °	-2.64	4.63	3.81	724130.1	5021895.1	1902.1	9.0		

	8a4	    -- -->  	  62.5 °	  -1.0 °		0.70								  -1.0 °	-0.01	0.70	0.70	724130.7	5021895.4	1902.1	9.7		

	8a4	    -- -->  	 246.2 °	  -1.8 °		0.88								  -1.8 °	-0.03	0.88	0.88	724129.3	5021894.7	1902.1	9.8		

	8a4	    -- -->  	  78.2 °	  75.3 °		0.37								  75.3 °	0.36	0.37	0.09	724130.2	5021895.1	1902.5	9.1		

	8a4	    -- -->  	 230.2 °	 -86.5 °		5.85								 -86.5 °	-5.84	5.85	0.35	724129.9	5021894.9	1896.3	9.3		

	8a4	   8a5	 117.5 °	 -65.5 °		6.13				7.2	3.7	4.4	1.6	 -65.5 °	-5.58	6.13	2.54	724132.4	5021894.0	1896.5	11.5		

	8a5	    -- -->  	 351.7 °	  -9.3 °		7.47								  -9.3 °	-1.21	7.47	7.37	724131.2	5021901.2	1895.3	18.9		

	8a5	    -- -->  	 219.3 °	   4.5 °		1.44								   4.5 °	0.11	1.44	1.44	724131.5	5021892.8	1896.6	12.9		

	8a5	    -- -->  	 303.3 °	  76.5 °		4.54								  76.5 °	4.42	4.54	1.06	724131.5	5021894.5	1900.9	12.6		

	8a5	    -- -->  	  24.0 °	 -89.6 °		1.58								 -89.6 °	-1.58	1.58	0.01	724132.4	5021894.0	1894.9	11.5		

	8a5	    -- -->  	 253.7 °	   1.3 °		3.09								   1.3 °	0.07	3.09	3.09	724129.5	5021893.0	1896.6	14.6		

	8a5	    -- -->  	 260.5 °	   0.5 °		3.28								   0.5 °	0.03	3.28	3.28	724129.2	5021893.4	1896.6	14.8		

	8a5	    -- -->  	  29.3 °	  -9.7 °		5.23								  -9.7 °	-0.88	5.23	5.15	724134.8	5021898.5	1895.6	16.6		

	8a5	    -- -->  	  60.4 °	  -5.0 °		8.06								  -5.0 °	-0.70	8.06	8.03	724139.3	5021898.0	1895.8	19.5		

	8a5	    -- -->  	 106.0 °	   5.5 °		6.60								   5.5 °	0.63	6.60	6.57	724138.8	5021892.3	1897.2	18.1		

	8a5	    -- -->  	 148.2 °	   8.4 °		4.57								   8.4 °	0.67	4.57	4.52	724134.9	5021890.2	1897.2	16.0		

	8a5	   8a6	  57.0 °	 -36.1 °		6.36					3.0	4.0	4.0	 -36.1 °	-3.75	6.36	5.14	724136.7	5021896.8	1892.8	16.6		

	8a6	    -- -->  	  69.6 °	   1.3 °		2.01								   1.3 °	0.04	2.01	2.01	724138.5	5021897.6	1892.8	18.6		

	8a6	    -- -->  	 216.4 °	  -5.2 °		3.06								  -5.2 °	-0.27	3.06	3.05	724134.9	5021894.3	1892.5	19.7		

	8a6	    -- -->  	  41.9 °	  81.0 °		4.09								  81.0 °	4.04	4.09	0.64	724137.1	5021897.3	1896.8	17.3		

	8a6	    -- -->  	  85.0 °	 -83.1 °		4.03								 -83.1 °	-4.00	4.03	0.48	724137.1	5021896.9	1888.8	17.1		

	8a6	    -- -->  	  49.3 °	  55.3 °		4.58								  55.3 °	3.76	4.58	2.61	724138.6	5021898.6	1896.5	19.2		

	8a6	    -- -->  	  77.0 °	  50.0 °		5.46								  50.0 °	4.19	5.46	3.51	724140.1	5021897.7	1897.0	20.1		

	8a6	   8a7	 156.9 °	 -48.1 °		6.17				0.5	2.5	8.5	1.2	 -48.1 °	-4.59	6.17	4.12	724138.4	5021893.1	1888.2	20.8		

	8a7	    -- -->  	 109.1 °	   2.7 °		0.47								   2.7 °	0.02	0.47	0.47	724138.8	5021892.9	1888.2	21.2		

	8a7	    -- -->  	 284.1 °	 -12.4 °		2.61								 -12.4 °	-0.56	2.61	2.55	724135.9	5021893.6	1887.6	23.3		

	8a7	    -- -->  	 327.3 °	  69.5 °		9.12								  69.5 °	8.54	9.12	3.20	724136.6	5021895.7	1896.7	24.0		

	8a7	    -- -->  	  60.3 °	 -88.8 °		1.20								 -88.8 °	-1.20	1.20	0.02	724138.4	5021893.1	1887.0	20.8		

	8a7	    -- -->  	 307.6 °	   6.5 °		3.34								   6.5 °	0.38	3.34	3.32	724135.7	5021895.0	1888.6	24.1		

	8a7	    -- -->  	 343.2 °	  18.4 °		4.03								  18.4 °	1.28	4.03	3.82	724137.2	5021896.7	1889.5	24.6		

	8a7	   8a8	 230.3 °	 -19.0 °		2.59					4.4	0.5	8.9	 -19.0 °	-0.84	2.59	2.45	724136.5	5021891.5	1887.4	23.2		

	8a8	    -- -->  	 246.5 °	  -6.5 °		2.29								  -6.5 °	-0.26	2.29	2.27	724134.4	5021890.5	1887.1	25.5		

	8a8	    -- -->  	 343.6 °	  -8.2 °		1.82								  -8.2 °	-0.26	1.82	1.80	724136.0	5021893.2	1887.1	25.0		

	8a8	    -- -->  	 309.9 °	  78.5 °		0.52								  78.5 °	0.51	0.52	0.10	724136.4	5021891.5	1887.9	23.3		

	8a8	    -- -->  	 179.1 °	 -85.7 °		8.90								 -85.7 °	-8.88	8.90	0.67	724136.5	5021890.8	1878.5	23.9		

	8a8	    -- -->  	 289.4 °	 -17.2 °		4.83								 -17.2 °	-1.43	4.83	4.62	724132.1	5021892.9	1885.9	27.8		

	8a8	    -- -->  	 306.2 °	 -17.3 °		3.96								 -17.3 °	-1.17	3.96	3.78	724133.4	5021893.6	1886.2	27.0		

	8a8	   8a9	 122.5 °	 -73.9 °		16.64					1.2	7.2	0.9	 -73.9 °	-15.99	16.64	4.61	724140.4	5021889.1	1871.4	27.8		

	8a9	    -- -->  	 124.2 °	   4.9 °		1.11								   4.9 °	0.10	1.11	1.11	724141.4	5021888.5	1871.5	28.9		

	8a9	    -- -->  	 266.7 °	  -0.1 °		1.21								  -0.1 °	-0.00	1.21	1.21	724139.2	5021889.0	1871.4	29.0		

	8a9	    -- -->  	 231.4 °	  82.7 °		7.27								  82.7 °	7.21	7.27	0.93	724139.7	5021888.5	1878.6	28.8		

	8a9	    -- -->  	 129.2 °	 -85.7 °		0.92								 -85.7 °	-0.92	0.92	0.07	724140.5	5021889.0	1870.4	27.9		

	8a9	    -- -->  	 295.9 °	  52.5 °		3.18								  52.5 °	2.52	3.18	1.93	724138.7	5021889.9	1873.9	29.8		

	8a9	   8a10	 194.9 °	 -11.5 °		3.15				0.9	0.4	3.5	2.9	 -11.5 °	-0.63	3.15	3.09	724139.7	5021886.1	1870.7	30.9		

	8a10	    -- -->  	  70.4 °	  -4.9 °		0.96								  -4.9 °	-0.08	0.96	0.95	724140.6	5021886.4	1870.7	31.9		

	8a10	    -- -->  	 235.7 °	  -3.4 °		0.40								  -3.4 °	-0.02	0.40	0.40	724139.4	5021885.8	1870.7	31.3		

	8a10	    -- -->  	  82.4 °	  85.6 °		3.54								  85.6 °	3.53	3.54	0.27	724140.0	5021886.1	1874.3	31.2		

	8a10	    -- -->  	  86.8 °	 -85.3 °		2.90								 -85.3 °	-2.90	2.90	0.24	724139.9	5021886.1	1867.8	31.1		

	8a10	   8a11	 137.6 °	 -59.1 °		4.43				0.4	0.7	3.3	0.5	 -59.1 °	-3.80	4.43	2.27	724141.2	5021884.4	1866.9	33.2		

	8a11	    -- -->  	 154.2 °	  -1.1 °		0.53								  -1.1 °	-0.01	0.53	0.53	724141.5	5021883.9	1866.9	33.7		

	8a11	    -- -->  	 299.7 °	 -12.2 °		0.74								 -12.2 °	-0.16	0.74	0.73	724140.6	5021884.8	1866.8	33.9		

	8a11	    -- -->  	  31.4 °	  86.5 °		3.25								  86.5 °	3.25	3.25	0.20	724141.3	5021884.6	1870.2	33.4		

	8a11	    -- -->  	 259.0 °	 -85.2 °		0.50								 -85.2 °	-0.50	0.50	0.04	724141.2	5021884.4	1866.4	33.2		

	8a11	   8a12	 251.4 °	 -25.1 °		2.31				0.3	0.5	0.3	0.6	 -25.0 °	-0.98	2.31	2.09	724139.3	5021883.7	1866.0	35.3		

	8a12	    -- -->  	 216.3 °	 -15.4 °		0.31								 -15.4 °	-0.08	0.31	0.30	724139.1	5021883.5	1865.9	35.6		

	8a12	    -- -->  	  10.0 °	  16.4 °		0.49								  16.4 °	0.14	0.49	0.47	724139.4	5021884.2	1866.1	35.7		

	8a12	    -- -->  	 297.2 °	  69.6 °		0.36								  69.6 °	0.34	0.36	0.13	724139.2	5021883.8	1866.3	35.4		

	8a12	    -- -->  	  77.5 °	 -76.3 °		0.60								 -76.3 °	-0.59	0.60	0.14	724139.4	5021883.7	1865.4	35.4		

	8a12	   8a13	 315.5 °	 -27.9 °		1.35				0.4	0.2	0.4	1.2	 -27.9 °	-0.63	1.35	1.19	724138.4	5021884.5	1865.3	36.5		

	8a13	    -- -->  	 180.4 °	  -7.4 °		0.40								  -7.4 °	-0.05	0.40	0.40	724138.4	5021884.1	1865.3	36.9		

	8a13	    -- -->  	 341.4 °	   1.9 °		0.21								   1.9 °	0.01	0.21	0.21	724138.4	5021884.7	1865.3	36.7		

	8a13	    -- -->  	 221.8 °	  73.7 °		0.45								  73.7 °	0.43	0.45	0.13	724138.3	5021884.5	1865.8	36.6		

	8a13	    -- -->  	 313.9 °	 -79.8 °		1.23								 -79.8 °	-1.21	1.23	0.22	724138.3	5021884.7	1864.1	36.7		

	8a13	   8a14	 225.9 °	 -39.7 °		1.19				0.2	0.3	1.0	0.8	 -39.7 °	-0.76	1.19	0.92	724137.8	5021883.9	1864.6	37.4		

	8a14	    -- -->  	 157.9 °	  -3.0 °		0.21								  -3.0 °	-0.01	0.21	0.21	724137.9	5021883.7	1864.6	37.6		

	8a14	    -- -->  	 333.6 °	   1.0 °		0.28								   1.0 °	0.01	0.28	0.28	724137.7	5021884.1	1864.6	37.7		

	8a14	    -- -->  	 293.1 °	  81.3 °		0.98								  81.3 °	0.97	0.98	0.15	724137.6	5021884.0	1865.5	37.5		

	8a14	    -- -->  	  28.5 °	 -82.8 °		0.86								 -82.8 °	-0.85	0.86	0.11	724137.8	5021884.0	1863.7	37.5		

	8a14	   8a15	 293.3 °	 -22.2 °		1.98				0.4	0.3	1.3	0.6	 -22.2 °	-0.75	1.98	1.83	724136.1	5021884.6	1863.8	39.2		

	8a15	    -- -->  	 158.4 °	   6.6 °		0.41								   6.6 °	0.05	0.41	0.41	724136.2	5021884.2	1863.9	39.6		

	8a15	    -- -->  	 338.4 °	   3.1 °		0.29								   3.1 °	0.02	0.29	0.29	724136.0	5021884.9	1863.8	39.5		

	8a15	    -- -->  	 176.4 °	  82.0 °		1.36								  82.0 °	1.34	1.36	0.19	724136.1	5021884.4	1865.2	39.4		

	8a15	    -- -->  	 225.0 °	 -81.5 °		0.65								 -81.5 °	-0.64	0.65	0.10	724136.0	5021884.5	1863.2	39.3		

	8a15	   8a16	 216.9 °	  -0.0 °		1.94				0.2	0.2	1.0	0.8	  -0.0 °	-0.00	1.94	1.94	724134.9	5021883.0	1863.8	41.2		

	8a16	    -- -->  	 163.9 °	   9.6 °		0.20								   9.6 °	0.03	0.20	0.20	724135.0	5021882.8	1863.8	41.4		

	8a16	    -- -->  	 336.4 °	  -2.8 °		0.25								  -2.8 °	-0.01	0.25	0.25	724134.8	5021883.2	1863.8	41.4		

	8a16	    -- -->  	 283.3 °	  82.1 °		0.98								  82.1 °	0.97	0.98	0.13	724134.8	5021883.0	1864.8	41.3		

	8a16	    -- -->  	 272.3 °	 -88.3 °		0.82								 -88.3 °	-0.82	0.82	0.02	724134.9	5021883.0	1863.0	41.2		

	8a16	   8a17	 294.3 °	 -13.1 °		2.04				0.2	0.2	1.0	0.8	 -13.1 °	-0.46	2.04	1.99	724133.1	5021883.8	1863.4	43.1		

	8a17	    -- -->  	 167.4 °	   1.2 °		0.24								   1.2 °	0.01	0.24	0.24	724133.2	5021883.6	1863.4	43.4		

	8a17	    -- -->  	 334.9 °	   4.1 °		0.24								   4.1 °	0.02	0.24	0.24	724133.0	5021884.0	1863.4	43.4		

	8a17	    -- -->  	 215.8 °	  86.8 °		0.96								  86.8 °	0.96	0.96	0.05	724133.1	5021883.8	1864.3	43.2		

	8a17	    -- -->  	 166.8 °	 -84.1 °		0.84								 -84.1 °	-0.84	0.84	0.09	724133.1	5021883.7	1862.5	43.2		

	8a17	   8a18	 251.3 °	 -10.5 °		1.03				0.2	0.4	1.0	1.0	 -10.5 °	-0.19	1.03	1.01	724132.2	5021883.5	1863.2	44.2		

	8a18	    -- -->  	 217.5 °	  -2.6 °		0.22								  -2.6 °	-0.01	0.22	0.22	724132.0	5021883.3	1863.2	44.4		

	8a18	    -- -->  	  25.0 °	  -1.2 °		0.39								  -1.2 °	-0.01	0.39	0.39	724132.3	5021883.8	1863.2	44.5		

	8a18	    -- -->  	 304.9 °	  78.4 °		1.00								  78.4 °	0.98	1.00	0.20	724132.0	5021883.6	1864.1	44.4		

	8a18	    -- -->  	 213.4 °	 -84.2 °		1.03								 -84.2 °	-1.03	1.03	0.11	724132.1	5021883.4	1862.1	44.3		

	8a18	   8a19	 294.5 °	 -24.3 °		1.21				0.3	0.2	0.6	0.8	 -24.3 °	-0.50	1.21	1.10	724131.2	5021883.9	1862.7	45.3		

	8a19	    -- -->  	 181.7 °	   5.1 °		0.30								   5.1 °	0.03	0.30	0.30	724131.2	5021883.6	1862.7	45.6		

	8a19	    -- -->  	 353.8 °	  -0.6 °		0.20								  -0.6 °	-0.00	0.20	0.20	724131.1	5021884.1	1862.7	45.5		

	8a19	    -- -->  	 257.1 °	  77.2 °		0.56								  77.2 °	0.55	0.56	0.13	724131.0	5021883.9	1863.2	45.4		

	8a19	    -- -->  	 122.5 °	 -80.8 °		0.81								 -80.8 °	-0.80	0.81	0.13	724131.3	5021883.8	1861.9	45.4		

	8a19	   8a20	 257.1 °	 -21.0 °		2.02				0.6	0.3	1.5	0.7	 -21.0 °	-0.72	2.02	1.89	724129.3	5021883.4	1861.9	47.1		

	8a20	    -- -->  	 172.8 °	   1.0 °		0.59								   1.0 °	0.01	0.59	0.59	724129.4	5021882.9	1862.0	47.7		

	8a20	    -- -->  	 345.0 °	  -5.8 °		0.28								  -5.8 °	-0.03	0.28	0.27	724129.3	5021883.7	1861.9	47.4		

	8a20	    -- -->  	 289.7 °	  84.0 °		1.48								  84.0 °	1.47	1.48	0.15	724129.2	5021883.5	1863.4	47.3		

	8a20	    -- -->  	 168.2 °	 -84.9 °		0.71								 -84.9 °	-0.71	0.71	0.06	724129.3	5021883.4	1861.2	47.2		

	8a20	   8a21	 289.1 °	 -12.6 °		2.37				0.2	0.2	1.2	0.8	 -12.6 °	-0.52	2.37	2.31	724127.1	5021884.2	1861.4	49.5		

	8a21	    -- -->  	 193.4 °	   4.3 °		0.24								   4.3 °	0.02	0.24	0.24	724127.1	5021883.9	1861.4	49.7		

	8a21	    -- -->  	 354.0 °	  -5.2 °		0.22								  -5.2 °	-0.02	0.22	0.22	724127.1	5021884.4	1861.4	49.7		

	8a21	    -- -->  	 274.2 °	  80.6 °		1.18								  80.6 °	1.16	1.18	0.19	724126.9	5021884.2	1862.6	49.6		

	8a21	    -- -->  	 224.8 °	 -78.2 °		0.84								 -78.2 °	-0.83	0.84	0.17	724127.0	5021884.0	1860.6	49.6		

	8a21	   8a22	 256.2 °	 -17.9 °		1.67				0.2	0.4	1.1	1.4	 -17.9 °	-0.51	1.67	1.59	724125.6	5021883.8	1860.9	51.0		

	8a22	    -- -->  	 184.8 °	  -3.4 °		0.20								  -3.4 °	-0.01	0.20	0.20	724125.6	5021883.6	1860.9	51.2		

	8a22	    -- -->  	   2.2 °	   0.4 °		0.42								   0.4 °	0.00	0.42	0.42	724125.6	5021884.2	1860.9	51.5		

	8a22	    -- -->  	 321.4 °	  76.4 °		1.16								  76.4 °	1.13	1.16	0.27	724125.4	5021884.0	1862.0	51.3		

	8a22	    -- -->  	 201.8 °	 -80.0 °		1.47								 -80.0 °	-1.45	1.47	0.26	724125.5	5021883.5	1859.5	51.3		

	8a22	   8a23	 244.9 °	 -12.4 °		2.91								 -12.4 °	-0.63	2.91	2.84	724123.0	5021882.5	1860.3	53.9		

Date du lever : 	31/08/2013	Déclinaison = 	1.14 °
mesures des longueurs :	DistoX
mesures des Azimuts :	DistoX	 en degrés
mesures des Pentes :	DistoX	 en degrés
	8a23	   8a24	 294.0 °	 -45.0 °		1.80								 -45.0 °	-1.27	1.80	1.27	724121.9	5021883.0	1859.0	55.2		

	8a24	   8a25	 315.0 °	 -18.0 °		2.14								 -18.0 °	-0.66	2.14	2.04	724120.4	5021884.4	1858.4	57.2		

	8a25	   8a26	 257.0 °	 -20.0 °		3.24								 -20.0 °	-1.11	3.24	3.04	724117.5	5021883.7	1857.2	60.2		

	8a26	   8a27	 245.0 °	 -15.0 °		2.12								 -15.0 °	-0.55	2.12	2.05	724115.6	5021882.8	1856.7	62.3		

	8a27	   8a28	 284.0 °	 -14.0 °		2.21								 -14.0 °	-0.53	2.21	2.14	724113.5	5021883.3	1856.2	64.4		

	8a28	   8a29	 222.0 °			1.09										1.09	1.09	724112.8	5021882.5	1856.2	65.5		

	8a29	   8a30	 276.0 °	 -25.0 °		4.57								 -25.0 °	-1.93	4.57	4.14	724108.7	5021882.8	1854.2	69.7		

	8a30	   8a31	 216.0 °	  -7.0 °		3.27								  -7.0 °	-0.40	3.27	3.25	724106.8	5021880.2	1853.8	72.9		

	8a31	   8a32	 263.0 °	 -18.0 °		0.86								 -18.0 °	-0.27	0.86	0.82	724106.0	5021880.1	1853.6	73.7		

	8a32	   8a33	 277.0 °	 -15.0 °		1.89								 -15.0 °	-0.49	1.89	1.83	724104.2	5021880.3	1853.1	75.6		

	8a33	   8a34	 239.0 °	 -17.0 °		2.25								 -17.0 °	-0.66	2.25	2.15	724102.4	5021879.1	1852.4	77.7		

	8a34	   8a35	 346.0 °	 -16.0 °		3.12								 -16.0 °	-0.86	3.12	3.00	724101.6	5021882.0	1851.6	80.7		

	8a35	   8a36	  16.0 °	  -9.0 °		1.60								  -9.0 °	-0.25	1.60	1.58	724102.0	5021883.5	1851.3	82.3		

	8a36	   8a37	 290.0 °	 -23.0 °		2.71								 -23.0 °	-1.06	2.71	2.49	724099.6	5021884.4	1850.2	84.8		

	8a37	   8a38	 328.0 °	  -7.0 °		1.75								  -7.0 °	-0.21	1.75	1.74	724098.7	5021885.8	1850.0	86.5		

	8a38	   8a39	  24.0 °	 -11.0 °		1.40								 -11.0 °	-0.27	1.40	1.37	724099.2	5021887.1	1849.8	87.9		

	8a39	   8a40	 353.0 °	 -12.0 °		1.71								 -12.0 °	-0.36	1.71	1.67	724099.0	5021888.7	1849.4	89.6		

	8a40	   8a41	  76.0 °	 -18.0 °		1.98								 -18.0 °	-0.61	1.98	1.88	724100.8	5021889.2	1848.8	91.4		

	8a41	   8a42	 351.0 °	 -26.0 °		2.79								 -26.0 °	-1.22	2.79	2.51	724100.4	5021891.7	1847.6	94.0		

	8a42	   8a43	   7.0 °	  -5.0 °		0.92								  -5.0 °	-0.08	0.92	0.92	724100.5	5021892.6	1847.5	94.9		

	8a43	   8a44	 328.0 °	 -15.0 °		2.83								 -15.0 °	-0.73	2.83	2.73	724099.0	5021894.9	1846.8	97.6		

	8a44	   8a45	 259.0 °	  -5.0 °		2.41								  -5.0 °	-0.21	2.41	2.40	724096.7	5021894.4	1846.6	100.0		

	8a45	   8a46	 289.0 °	 -15.0 °		3.76								 -15.0 °	-0.97	3.76	3.63	724093.2	5021895.5	1845.6	103.6		

	8a46	   8a47	 320.0 °	 -15.0 °		1.51								 -15.0 °	-0.39	1.51	1.46	724092.3	5021896.6	1845.2	105.1		

	8a47	   8a48	  10.0 °	 -27.0 °		2.86								 -27.0 °	-1.30	2.86	2.55	724092.7	5021899.2	1843.9	107.6		

	8a48	   8a49	 257.0 °			2.26										2.26	2.26	724090.5	5021898.6	1843.9	109.9		

	8a49	   8a50	 293.0 °	 -18.0 °		2.98								 -18.0 °	-0.92	2.98	2.83	724087.8	5021899.7	1843.0	112.7		

	8a50	   8a51	 333.0 °	  -9.0 °		2.81								  -9.0 °	-0.44	2.81	2.78	724086.5	5021902.1	1842.5	115.5		

	8a51	   8a53	   0.0 °	 -14.0 °		3.43								 -14.0 °	-0.83	3.43	3.33	724086.5	5021905.5	1841.7	118.8		

Date du lever : 	22/09/2013	Déclinaison = 	1.15 °
Operateurs :	Emmanuel Vitte notes	Olivier Dutel length compass clino
mesures des longueurs :	DistoX
mesures des Azimuts :	DistoX	 en grades
mesures des Pentes :	DistoX	 en grades
	8a53	   8a54	 290.0 g	 -10.0 g		4.19								 -10.0 g	-0.66	4.19	4.14	724082.4	5021904.8	1841.0	123.0		

	8a54	   8a55	 222.0 g			1.50										1.50	1.50	724081.9	5021903.3	1841.0	124.5		

	8a55	   8a56	 247.0 g	 -10.0 g		3.46								 -10.0 g	-0.54	3.46	3.42	724079.7	5021900.8	1840.5	127.9		

	8a56	   8a57	 327.0 g	 -12.0 g		0.95								 -12.0 g	-0.18	0.95	0.93	724078.8	5021901.1	1840.3	128.8		

	8a57	   8a58	 253.0 g	 -10.0 g		1.64								 -10.0 g	-0.26	1.64	1.62	724077.6	5021900.0	1840.1	130.4		

	8a58	   8a59	 295.0 g	 -39.0 g		2.75								 -39.0 g	-1.58	2.75	2.25	724075.4	5021899.8	1838.5	132.7		

	8a59	   8a60	 226.0 g	  14.0 g		1.36								  14.0 g	0.30	1.36	1.33	724074.9	5021898.6	1838.8	134.0		

	8a60	   8a61	 350.0 g	 -22.0 g		1.33								 -22.0 g	-0.45	1.33	1.25	724074.0	5021899.5	1838.3	135.3		

	8a61	   8a62	 272.0 g	 -23.0 g		2.10								 -23.0 g	-0.74	2.10	1.96	724072.2	5021898.6	1837.6	137.2		

	8a62	   8a63	 330.0 g	  -7.0 g		1.15								  -7.0 g	-0.13	1.15	1.14	724071.2	5021899.1	1837.5	138.4		

	8a63	   8a64	 246.0 g	 -15.0 g		2.16								 -15.0 g	-0.50	2.16	2.10	724069.8	5021897.5	1837.0	140.5		

	8a64	   8a65	 271.0 g	 -20.0 g		2.41								 -20.0 g	-0.74	2.41	2.29	724067.8	5021896.5	1836.2	142.8		

	8a65	   8a66	 302.0 g	 -15.0 g		1.93								 -15.0 g	-0.45	1.93	1.88	724065.9	5021896.5	1835.8	144.7		

	8a66	   8a67	  10.0 g	  -2.0 g		1.00								  -2.0 g	-0.03	1.00	1.00	724066.1	5021897.5	1835.7	145.7		

	8a67	   8a68	 306.0 g	 -22.0 g		4.20								 -22.0 g	-1.42	4.20	3.95	724062.1	5021897.8	1834.3	149.6		

	8a68	   8a69	 275.0 g	   3.0 g		2.16								   3.0 g	0.10	2.16	2.16	724060.1	5021896.9	1834.4	151.8		

	8a69	   8a70	 370.0 g	 -28.0 g		2.12								 -28.0 g	-0.90	2.12	1.92	724059.2	5021898.6	1833.5	153.7		

	8a70	   8a71	  19.0 g	 -82.0 g		9.79								 -82.0 g	-9.40	9.79	2.73	724060.0	5021901.3	1824.1	156.4		

	8a71	   8a72	 310.0 g	 -30.0 g		3.64								 -30.0 g	-1.65	3.64	3.24	724056.8	5021901.7	1822.5	159.7		

	8a72	   8a73	 267.0 g	 -20.0 g		2.19								 -20.0 g	-0.68	2.19	2.08	724055.0	5021900.7	1821.8	161.7		

	8a73	   8a74	 318.0 g	 -20.0 g		3.41								 -20.0 g	-1.05	3.41	3.24	724051.9	5021901.5	1820.7	165.0		

	8a74	   8a75	 323.0 g	 -23.0 g		3.22								 -23.0 g	-1.14	3.22	3.01	724049.0	5021902.5	1819.6	168.0		

	8a75	   8a76	 356.0 g	 -25.0 g		2.24								 -25.0 g	-0.86	2.24	2.07	724047.7	5021904.1	1818.7	170.1		

	8a76	   8a77	 347.0 g	 -42.0 g		1.70								 -42.0 g	-1.04	1.70	1.34	724046.7	5021905.0	1817.7	171.4		

Date du lever : 	05/07/2014	Déclinaison = 	1.25 °
Operateurs :	Emmanuel Vitte notes length compass clino	Pascal Groseil
mesures des longueurs :	DistoX
mesures des Azimuts :	DistoX	 en degrés
mesures des Pentes :	DistoX	 en degrés
	8a77	   8a78	 334.5 °	  -5.9 °		3.40				0.2	0.2	0.3	5.3	  -5.9 °	-0.35	3.40	3.38	724045.2	5021908.0	1817.3	174.8		
	8a77	    -- -->  	 229.3 °	   2.9 °		0.71								   2.9 °	0.04	0.71	0.71	724046.1	5021904.5	1817.7	172.1		

	8a77	    -- -->  	 331.6 °	  83.5 °		2.97								  83.5 °	2.95	2.97	0.34	724046.5	5021905.3	1820.6	171.7		

	8a77	    -- -->  	 150.7 °	 -83.9 °		1.92								 -83.9 °	-1.90	1.92	0.20	724046.8	5021904.8	1815.8	171.6		

	8a78	   8a79	 342.3 °	 -65.1 °		4.88				1.5	1.4	4.4	0.7	 -65.1 °	-4.43	4.88	2.05	724044.5	5021910.0	1812.9	176.8		

	8a78	    -- -->  	 254.5 °	   4.3 °		0.18								   4.3 °	0.01	0.18	0.18	724045.0	5021908.0	1817.4	175.0		

	8a78	    -- -->  	  76.2 °	   2.9 °		0.23								   2.9 °	0.01	0.23	0.23	724045.4	5021908.1	1817.4	175.0		

	8a78	    -- -->  	 327.9 °	  81.2 °		0.26								  81.2 °	0.26	0.26	0.04	724045.2	5021908.1	1817.6	174.8		

	8a78	    -- -->  	 353.2 °	 -87.2 °		5.36								 -87.2 °	-5.35	5.36	0.26	724045.2	5021908.3	1812.0	175.1		

	8a79	   8a80	  46.8 °	   2.5 °		1.21				0.2	0.1	0.5	24.5	   2.5 °	0.05	1.21	1.21	724045.4	5021910.8	1813.0	178.0		

	8a79	    -- -->  	 316.7 °	   6.0 °		1.41								   6.0 °	0.15	1.41	1.41	724043.6	5021911.0	1813.1	178.2		

	8a79	    -- -->  	 139.0 °	  -5.3 °		1.68								  -5.3 °	-0.16	1.68	1.67	724045.6	5021908.7	1812.8	178.5		

	8a79	    -- -->  	 194.4 °	  88.1 °		4.45								  88.1 °	4.44	4.45	0.15	724044.5	5021909.8	1817.4	177.0		

	8a79	    -- -->  	  16.0 °	 -89.7 °		0.73								 -89.7 °	-0.73	0.73	0.00	724044.5	5021910.0	1812.2	176.8		

	8a79	    -- -->  	 260.4 °	   6.7 °		1.70								   6.7 °	0.20	1.70	1.69	724042.9	5021909.7	1813.1	178.5		

	8a79	    -- -->  	 168.1 °	   0.6 °		2.37								   0.6 °	0.02	2.37	2.37	724045.1	5021907.7	1812.9	179.2		

	8a80	   8a81	  35.5 °	 -74.7 °		3.58					1.8	0.0	4.6	 -74.7 °	-3.45	3.58	0.94	724045.9	5021911.6	1809.5	179.0		

	8a80	    -- -->  	 336.8 °	  -3.2 °		0.24								  -3.2 °	-0.01	0.24	0.24	724045.3	5021911.0	1813.0	178.3		

	8a80	    -- -->  	 135.9 °	   1.9 °		0.15								   1.9 °	0.01	0.15	0.15	724045.5	5021910.7	1813.0	178.2		

	8a80	    -- -->  	   7.9 °	  86.8 °		0.47								  86.8 °	0.47	0.47	0.03	724045.4	5021910.8	1813.4	178.1		

	8a80	    -- -->  	 108.6 °	 -89.0 °		24.51								 -89.0 °	-24.51	24.51	0.45	724045.8	5021910.7	1788.5	178.5		

	8a81	->  8a81-1	 249.5 °	 -76.1 °		7.04								 -76.1 °	-6.83	7.04	1.69	724044.4	5021911.0	1802.7	180.7		

	8a81	    -- -->  	 355.7 °	   0.3 °		1.44								   0.3 °	0.01	1.44	1.44	724045.8	5021913.0	1809.5	180.4		

	8a81	^   8a82	 135.5 °	 -86.6 °		21.12				1.0	1.7			 -86.6 °	-21.08	21.12	1.26	724046.8	5021910.7	1788.4	180.3		

	8a81	    -- -->  	  53.0 °	 -77.0 °		4.71								 -77.0 °	-4.59	4.71	1.06	724046.8	5021912.2	1804.9	180.1		

	8a81	    -- -->  	  55.2 °	   0.2 °		1.88								   0.2 °	0.01	1.88	1.87	724047.5	5021912.7	1809.5	180.9		

	8a81	    -- -->  	  70.0 °	 -12.6 °		2.02								 -12.6 °	-0.44	2.02	1.97	724047.8	5021912.3	1809.1	181.0		

	8a81	    -- -->  	  91.8 °	  -0.3 °		2.03								  -0.3 °	-0.01	2.03	2.03	724048.0	5021911.6	1809.5	181.0		

	8a81	    -- -->  	 105.6 °	   0.1 °		2.34								   0.1 °	0.00	2.34	2.34	724048.2	5021911.0	1809.5	181.3		

	8a81	    -- -->  	 113.6 °	 -64.9 °		6.31								 -64.9 °	-5.71	6.31	2.68	724048.4	5021910.6	1803.8	181.7		

	8a81	    -- -->  	 114.8 °	   0.1 °		1.78								   0.1 °	0.00	1.78	1.78	724047.6	5021910.9	1809.5	180.8		

	8a81	    -- -->  	 119.0 °	 -66.1 °		6.74								 -66.1 °	-6.16	6.74	2.73	724048.3	5021910.3	1803.4	181.7		

	8a81	    -- -->  	 139.5 °	  -0.3 °		1.42								  -0.3 °	-0.01	1.42	1.42	724046.9	5021910.5	1809.5	180.4		

	8a81	    -- -->  	 178.0 °	  -1.8 °		1.12								  -1.8 °	-0.04	1.12	1.12	724046.0	5021910.5	1809.5	180.1		

	8a81	    -- -->  	 211.8 °	  -0.4 °		1.40								  -0.4 °	-0.01	1.40	1.39	724045.2	5021910.4	1809.5	180.4		

	8a82	->  8a82-a1	 329.3 °	  72.7 °		6.44								  72.7 °	6.15	6.44	1.92	724045.8	5021912.3	1794.6	182.2		

	8a82	->  8a83	 136.8 °	   3.9 °		1.85				0.9		8.9	1.4	   3.9 °	0.12	1.85	1.85	724048.1	5021909.4	1788.6	182.1		


	8a82	    -- -->  	  29.6 °	   7.6 °		1.18								   7.6 °	0.16	1.18	1.17	724047.4	5021911.7	1788.6	181.4		

	8a82	    -- -->  	  45.4 °	 -82.8 °										  90.0 °				724046.8	5021910.7	1788.4	180.3		

	8a82	    -- -->  	  46.6 °	   8.7 °		1.03								   8.7 °	0.15	1.03	1.02	724047.6	5021911.4	1788.6	181.3		

	8a82	    -- -->  	  93.1 °	  27.7 °		0.99								  27.7 °	0.46	0.99	0.88	724047.7	5021910.7	1788.9	181.1		

	8a82	    -- -->  	 103.4 °	  79.5 °		8.05								  79.5 °	7.92	8.05	1.47	724048.3	5021910.4	1796.4	181.7		

	8a82	    -- -->  	 106.5 °	   7.2 °		1.33								   7.2 °	0.17	1.33	1.32	724048.1	5021910.4	1788.6	181.6		

	8a82	    -- -->  	 130.3 °	   5.4 °		2.04								   5.4 °	0.19	2.04	2.03	724048.4	5021909.4	1788.6	182.3		

	8a82	    -- -->  	 173.2 °	   5.8 °		0.98								   5.8 °	0.10	0.98	0.97	724047.0	5021909.7	1788.5	181.2		

	8a82	    -- -->  	 202.9 °	  14.2 °		1.71								  14.2 °	0.42	1.71	1.66	724046.2	5021909.2	1788.9	181.9		

	8a82	    -- -->  	 205.8 °	  13.3 °		1.86								  13.3 °	0.43	1.86	1.82	724046.1	5021909.1	1788.9	182.1		

	8a83	   8a84	  70.9 °	 -48.0 °		6.82				0.2	0.9	5.8	1.0	 -48.0 °	-5.07	6.82	4.57	724052.4	5021910.9	1783.5	186.7		

	8a83	    -- -->  	 350.7 °	  -6.2 °		0.94								  -6.2 °	-0.10	0.94	0.93	724048.0	5021910.3	1788.5	183.0		

	8a83	    -- -->  	  25.2 °	  87.5 °		8.91								  87.5 °	8.90	8.91	0.39	724048.3	5021909.7	1797.5	182.5		

	8a83	    -- -->  	 232.1 °	 -86.1 °		1.39								 -86.1 °	-1.39	1.39	0.10	724048.0	5021909.3	1787.2	182.2		

	8a84	   8a85	 126.8 °	  -6.4 °		2.38				0.2	0.5	7.4	1.9	  -6.4 °	-0.26	2.38	2.37	724054.3	5021909.5	1783.2	189.0		

	8a84	    -- -->  	  33.3 °	  -3.3 °		0.27								  -3.3 °	-0.02	0.27	0.27	724052.6	5021911.2	1783.5	186.9		

	8a84	    -- -->  	 195.9 °	   3.6 °		0.94								   3.6 °	0.06	0.94	0.94	724052.2	5021910.0	1783.5	187.6		

	8a84	    -- -->  	 194.9 °	  86.7 °		5.78								  86.7 °	5.77	5.78	0.33	724052.3	5021910.6	1789.3	187.0		

	8a84	    -- -->  	 197.4 °	 -83.4 °		0.96								 -83.4 °	-0.96	0.96	0.11	724052.4	5021910.8	1782.5	186.8		

	8a85	   8a86	 100.8 °	   2.6 °		4.31				0.3	0.1	1.2	1.4	   2.6 °	0.20	4.31	4.31	724058.6	5021908.8	1783.4	193.3		

	8a85	    -- -->  	  30.3 °	   0.2 °		0.23								   0.2 °	0.00	0.23	0.23	724054.4	5021909.7	1783.2	189.3		

	8a85	    -- -->  	 201.7 °	   8.8 °		0.50								   8.8 °	0.08	0.50	0.50	724054.2	5021909.1	1783.3	189.5		

	8a85	    -- -->  	 294.7 °	  82.0 °		7.49								  82.0 °	7.42	7.49	1.05	724053.4	5021910.0	1790.6	190.1		

	8a85	    -- -->  	  88.3 °	 -84.0 °		1.11								 -84.0 °	-1.11	1.11	0.12	724054.4	5021909.5	1782.1	189.2		

	8a85	    -- -->  	   3.1 °	 -85.7 °		1.86								 -85.7 °	-1.85	1.86	0.14	724054.3	5021909.7	1781.4	189.2		

	8a85	    -- -->  	 106.2 °	 -81.1 °		0.54								 -81.1 °	-0.53	0.54	0.08	724054.4	5021909.5	1782.7	189.1		

	8a86	   8a87	 127.8 °	  -8.0 °		5.89				0.5		0.3	3.3	  -8.0 °	-0.82	5.89	5.83	724063.2	5021905.3	1782.6	199.2		


	8a86	    -- -->  	  37.0 °	   5.6 °		0.27								   5.6 °	0.03	0.27	0.27	724058.7	5021909.0	1783.4	193.6		

	8a86	    -- -->  	 207.3 °	  -1.7 °		0.13								  -1.7 °	-0.00	0.13	0.13	724058.5	5021908.7	1783.4	193.5		

	8a86	    -- -->  	 157.0 °	  80.6 °		1.22								  80.6 °	1.20	1.22	0.20	724058.7	5021908.6	1784.6	193.5		

	8a86	    -- -->  	  61.1 °	 -84.6 °		1.45								 -84.6 °	-1.45	1.45	0.14	724058.7	5021908.9	1782.0	193.5		

	8a86	    -- -->  	  85.8 °	 -54.2 °		2.38								 -54.2 °	-1.93	2.38	1.39	724060.0	5021908.9	1781.5	194.7		

	8a87	->  8a88	  88.4 °	 -54.3 °		3.77					0.3	2.0	1.3	 -54.3 °	-3.06	3.77	2.20	724065.4	5021905.4	1779.5	201.4		


	8a87	    -- -->  	  23.6 °	  -7.4 °		0.49								  -7.4 °	-0.06	0.49	0.49	724063.4	5021905.7	1782.5	199.7		

	8a87	    -- -->  	  81.0 °	  81.6 °		0.33								  81.6 °	0.33	0.33	0.05	724063.3	5021905.3	1782.9	199.2		

	8a87	    -- -->  	 218.7 °	 -87.7 °		3.27								 -87.7 °	-3.27	3.27	0.13	724063.2	5021905.2	1779.3	199.3		

	8a87	    -- -->  	 309.7 °	 -46.6 °		2.51								 -46.6 °	-1.83	2.51	1.73	724061.9	5021906.4	1780.8	200.9		

	8a88	   8a89	 120.7 °	 -66.0 °		9.78				0.5	0.7	10.2	0.0	 -66.0 °	-8.93	9.78	3.98	724068.9	5021903.4	1770.6	205.4		

	8a88	    -- -->  	 224.9 °	  -4.4 °		0.32								  -4.4 °	-0.02	0.32	0.32	724065.2	5021905.1	1779.5	201.7		

	8a88	    -- -->  	 190.0 °	  81.2 °		2.03								  81.2 °	2.01	2.03	0.31	724065.4	5021905.1	1781.5	201.7		

	8a88	    -- -->  	  84.3 °	 -87.4 °		1.25								 -87.4 °	-1.25	1.25	0.06	724065.5	5021905.4	1778.3	201.4		

	8a88	    -- -->  	 119.1 °	 -79.8 °		8.39								 -79.8 °	-8.26	8.39	1.48	724066.7	5021904.7	1771.3	202.9		

	8a88	    -- -->  	 282.3 °	 -67.5 °		0.87								 -67.5 °	-0.80	0.87	0.33	724065.1	5021905.4	1778.7	201.7		

	8a89	->  8a89-a1	 303.1 °	  -0.6 °		3.67								  -0.6 °	-0.04	3.67	3.67	724065.8	5021905.4	1770.6	209.0		

	8a89	    -- -->  	 309.7 °	  -1.2 °		2.74								  -1.2 °	-0.06	2.74	2.74	724066.7	5021905.1	1770.5	208.1		

	8a89	    -- -->  	 336.3 °	  -0.5 °		1.50								  -0.5 °	-0.01	1.50	1.50	724068.3	5021904.8	1770.6	206.9		

	8a89	->  8a90	 150.3 °	 -25.1 °		2.24				1.1	0.3	7.2	0.8	 -25.1 °	-0.95	2.24	2.03	724069.9	5021901.6	1769.7	207.4		


	8a89	    -- -->  	  37.1 °	  -1.8 °		0.47								  -1.8 °	-0.01	0.47	0.47	724069.2	5021903.8	1770.6	205.8		

	8a89	    -- -->  	 140.5 °	   0.7 °		0.52								   0.7 °	0.01	0.52	0.52	724069.2	5021903.0	1770.6	205.9		

	8a89	    -- -->  	 147.1 °	   0.4 °		2.54								   0.4 °	0.02	2.54	2.54	724070.3	5021901.3	1770.6	207.9		

	8a89	    -- -->  	 158.9 °	  39.9 °		2.32								  39.9 °	1.49	2.32	1.78	724069.5	5021901.7	1772.1	207.1		

	8a89	    -- -->  	 205.2 °	  83.2 °		10.26								  83.2 °	10.19	10.26	1.22	724068.4	5021902.3	1780.8	206.6		

	8a89	    -- -->  	 220.2 °	  77.0 °		7.04								  77.0 °	6.85	7.04	1.58	724067.9	5021902.2	1777.5	206.9		

	8a89	    -- -->  	 224.1 °	  -0.3 °		0.76								  -0.3 °	-0.00	0.76	0.75	724068.4	5021902.8	1770.6	206.1		

	8a90	->  8a91	  86.3 °	  21.9 °		3.73					0.3	0.3	10.2	  21.9 °	1.39	3.73	3.46	724073.4	5021901.9	1771.0	210.8		


	8a90	    -- -->  	  14.4 °	  -3.7 °		0.65								  -3.7 °	-0.04	0.65	0.65	724070.1	5021902.3	1769.6	208.0		

	8a90	    -- -->  	 329.5 °	  83.9 °		8.51								  83.9 °	8.46	8.51	0.91	724069.4	5021902.4	1778.1	208.3		

	8a90	    -- -->  	 230.5 °	 -88.2 °		0.81								 -88.2 °	-0.81	0.81	0.03	724069.9	5021901.6	1768.8	207.4		

	8a90	    -- -->  	  18.4 °	  -0.1 °		0.71								  -0.1 °	-0.00	0.71	0.71	724070.1	5021902.3	1769.7	208.1		

	8a90	    -- -->  	  56.1 °	   3.2 °		1.15								   3.2 °	0.06	1.15	1.15	724070.9	5021902.3	1769.7	208.5		

	8a90	    -- -->  	  66.7 °	   1.3 °		2.33								   1.3 °	0.05	2.33	2.33	724072.0	5021902.6	1769.7	209.7		

	8a90	    -- -->  	  79.4 °	   1.1 °		3.18								   1.1 °	0.06	3.18	3.18	724073.0	5021902.3	1769.7	210.6		

	8a90	    -- -->  	 132.2 °	   3.1 °		0.29								   3.1 °	0.02	0.29	0.29	724070.1	5021901.5	1769.7	207.7		

	8a90	    -- -->  	 242.6 °	   0.5 °		0.28								   0.5 °	0.00	0.28	0.28	724069.7	5021901.5	1769.7	207.7		

	8a91	   8a92	 121.3 °	 -74.7 °		9.31						7.8	0.0	 -74.7 °	-8.98	9.31	2.46	724075.5	5021900.7	1762.1	213.3		


	8a91	    -- -->  	 211.2 °	  -1.1 °		0.35								  -1.1 °	-0.01	0.35	0.35	724073.2	5021901.6	1771.0	211.2		

	8a91	    -- -->  	 166.2 °	  84.7 °		0.34								  84.7 °	0.34	0.34	0.03	724073.4	5021901.9	1771.4	210.9		

	8a91	    -- -->  	 155.3 °	 -87.2 °		10.21								 -87.2 °	-10.20	10.21	0.50	724073.6	5021901.5	1760.8	211.3		

	8a91	    -- -->  	 119.0 °	  -9.1 °		3.78								  -9.1 °	-0.60	3.78	3.73	724076.6	5021900.1	1770.4	214.6		

	8a92	   8a93	 292.0 °	   0.6 °		4.08						1.7	1.3	   0.6 °	0.04	4.08	4.08	724071.7	5021902.1	1762.1	217.4		


	8a92	    -- -->  	 197.2 °	  12.8 °		1.15								  12.8 °	0.26	1.15	1.12	724075.2	5021899.6	1762.3	214.4		

	8a92	    -- -->  	  11.0 °	  15.1 °		0.97								  15.1 °	0.25	0.97	0.94	724075.6	5021901.6	1762.3	214.2		

	8a92	    -- -->  	 279.5 °	  87.5 °		7.78								  87.5 °	7.77	7.78	0.35	724075.1	5021900.7	1769.8	213.7		

	8a92	    -- -->  	 279.2 °	   5.1 °		2.76								   5.1 °	0.25	2.76	2.75	724072.8	5021901.1	1762.3	216.1		

	8a92	    -- -->  	 307.7 °	   0.3 °		3.34								   0.3 °	0.02	3.34	3.34	724072.8	5021902.7	1762.1	216.6		

	8a92	    -- -->  	 320.8 °	  -0.2 °		3.01								  -0.2 °	-0.01	3.01	3.01	724073.5	5021903.0	1762.1	216.3		

	8a92	    -- -->  	 341.2 °	  49.8 °		2.31								  49.8 °	1.76	2.31	1.49	724075.0	5021902.1	1763.8	214.8		

	8a93	   8a94	  51.3 °	  -5.3 °		3.63				0.3		1.8	2.0	  -5.3 °	-0.33	3.63	3.61	724074.5	5021904.4	1761.8	221.0		


	8a93	    -- -->  	 114.6 °	   3.6 °		4.53								   3.6 °	0.28	4.53	4.53	724075.8	5021900.3	1762.4	221.9		

	8a93	    -- -->  	  39.1 °	  78.4 °		1.72								  78.4 °	1.68	1.72	0.35	724071.9	5021902.4	1763.8	217.7		

	8a93	    -- -->  	 159.1 °	 -88.7 °		1.25								 -88.7 °	-1.25	1.25	0.03	724071.7	5021902.1	1760.9	217.4		

	8a94	    -- -->  	 291.3 °	  -5.4 °		0.37								  -5.4 °	-0.04	0.37	0.37	724074.1	5021904.6	1761.7	221.4		

	8a94	    -- -->  	 241.4 °	  84.7 °		1.78								  84.7 °	1.78	1.78	0.17	724074.3	5021904.4	1763.6	221.2		

	8a94	    -- -->  	  29.4 °	 -88.3 °		2.01								 -88.3 °	-2.01	2.01	0.06	724074.5	5021904.5	1759.8	221.1		

	8a94	    -- -->  	 213.7 °	  68.0 °		3.44								  68.0 °	3.18	3.44	1.29	724073.8	5021903.4	1765.0	222.3		

	8a90	->  8a90-1	 313.9 °			2.10										2.10	2.10	724068.4	5021903.1	1769.7	209.5		

	8a90	->  8a90-a1	 316.0 °	   0.2 °		3.07								   0.2 °	0.01	3.07	3.07	724067.7	5021903.8	1769.7	210.5		

	8a90	    -- -->  	 342.3 °	  84.5 °		7.25								  84.5 °	7.22	7.25	0.69	724069.7	5021902.3	1776.9	208.1		

	8a90	    -- -->  	 342.6 °	   1.6 °		1.29								   1.6 °	0.04	1.29	1.29	724069.5	5021902.9	1769.7	208.7		

	8a89	->  8a89-1	 243.6 °	  74.6 °		25.56								  74.6 °	24.64	25.56	6.78	724062.9	5021900.3	1795.2	212.1		

	8a89	    -- -->  	 250.3 °	  81.6 °		13.01								  81.6 °	12.87	13.01	1.90	724067.1	5021902.7	1783.5	207.3		

	8a89	    -- -->  	 253.4 °	  75.0 °		6.88								  75.0 °	6.64	6.88	1.78	724067.2	5021902.9	1777.2	207.1		

	8a89	    -- -->  	 274.8 °	  -0.6 °		1.85								  -0.6 °	-0.02	1.85	1.85	724067.0	5021903.5	1770.6	207.2		

	8a89	    -- -->  	 282.4 °	   0.3 °		3.15								   0.3 °	0.01	3.15	3.15	724065.8	5021904.0	1770.6	208.5		

	8a87	->  8a87-1	 226.4 °	  13.4 °		0.74				4.3			0.2	  13.4 °	0.17	0.74	0.72	724062.7	5021904.8	1782.8	199.9		

	8a87-1	    -- -->  	 124.8 °	  -2.3 °		4.37								  -2.3 °	-0.18	4.37	4.36	724066.3	5021902.3	1782.6	204.3		

	8a82	->  8a82-1	 241.4 °	  75.4 °		6.66								  75.4 °	6.44	6.66	1.68	724045.4	5021909.9	1794.9	181.9		

	8a82	    -- -->  	 247.4 °	   5.3 °		1.57								   5.3 °	0.15	1.57	1.56	724045.4	5021910.1	1788.6	181.8		

	8a82	    -- -->  	 303.7 °	  88.5 °		25.04								  88.5 °	25.04	25.04	0.66	724046.3	5021911.1	1813.5	180.9		

	8a82	    -- -->  	 323.9 °	   7.1 °		1.26								   7.1 °	0.16	1.26	1.25	724046.1	5021911.7	1788.6	181.5		

Galerie :	Galerie d'entr�e
Date du lever : 	08/10/2016	Déclinaison = 	1.59 °
Operateurs :	Emmanuel Vitte notes	Fr?deric P?trot length compass clino
mesures des longueurs :	DistoX
mesures des Azimuts :	DistoX	 en degrés
mesures des Pentes :	DistoX	 en degrés
	8a94	>> 8a95	 321.4 °	 -17.6 °		3.32				0.4	0.2	1.6	1.4	 -17.6 °	-1.00	3.32	3.16	724072.5	5021906.9	1760.8	224.2		

	8a94	    -- -->  	 272.4 °	   3.4 °		0.48								   3.4 °	0.03	0.48	0.48	724074.0	5021904.5	1761.8	221.5		

	8a94	    -- -->  	  79.9 °	   7.2 °		0.14								   7.2 °	0.02	0.14	0.14	724074.6	5021904.5	1761.8	221.1		

	8a94	    -- -->  	 259.7 °	  85.4 °		1.53								  85.4 °	1.53	1.53	0.12	724074.3	5021904.4	1763.3	221.1		

	8a94	    -- -->  	 245.7 °	 -85.7 °		1.64								 -85.7 °	-1.63	1.64	0.12	724074.4	5021904.4	1760.1	221.1		

	8a95	    -- -->  	 276.2 °	  -3.2 °		0.41								  -3.2 °	-0.02	0.41	0.41	724072.1	5021906.9	1760.7	224.6		

	8a95	    -- -->  	  80.0 °	   1.0 °		0.22								   1.0 °	0.00	0.22	0.22	724072.7	5021906.9	1760.8	224.4		

	8a95	    -- -->  	   2.8 °	  72.3 °		1.65								  72.3 °	1.57	1.65	0.50	724072.5	5021907.4	1762.3	224.7		

	8a95	    -- -->  	 207.4 °	 -86.0 °		1.37								 -86.0 °	-1.36	1.37	0.10	724072.4	5021906.8	1759.4	224.3		

	8a95	   8a96	 351.8 °	  -5.4 °		3.38				0.4	0.1	1.6	1.6	  -5.4 °	-0.32	3.38	3.36	724072.0	5021910.2	1760.5	227.5		

	8a96	    -- -->  	 224.0 °	   0.9 °		0.45								   0.9 °	0.01	0.45	0.44	724071.7	5021909.9	1760.5	228.0		

	8a96	    -- -->  	  31.0 °	   2.0 °		0.14								   2.0 °	0.01	0.14	0.14	724072.0	5021910.3	1760.5	227.7		

	8a96	    -- -->  	  75.2 °	  81.4 °		1.62								  81.4 °	1.60	1.62	0.24	724072.2	5021910.3	1762.0	227.8		

	8a96	    -- -->  	  58.4 °	 -82.2 °		1.59								 -82.2 °	-1.58	1.59	0.22	724072.1	5021910.3	1758.9	227.7		

	8a96	   8a97	 301.0 °	 -17.4 °		2.09				0.1	0.4	1.6	1.6	 -17.4 °	-0.63	2.09	1.99	724070.3	5021911.2	1759.8	229.5		

	8a97	    -- -->  	 279.3 °	   7.2 °		0.14								   7.2 °	0.02	0.14	0.14	724070.1	5021911.3	1759.8	229.7		

	8a97	    -- -->  	  96.6 °	   5.2 °		0.38								   5.2 °	0.04	0.38	0.38	724070.6	5021911.2	1759.9	229.9		

	8a97	    -- -->  	  71.0 °	  81.3 °		1.57								  81.3 °	1.55	1.57	0.24	724070.5	5021911.3	1761.4	229.8		

	8a97	    -- -->  	 174.6 °	 -83.3 °		1.65								 -83.3 °	-1.63	1.65	0.19	724070.3	5021911.0	1758.2	229.7		

	8a97	   8a98	  52.6 °	  -2.9 °		1.04				0.6	0.1	1.5	1.9	  -2.9 °	-0.05	1.04	1.04	724071.1	5021911.9	1759.8	230.6		

	8a98	    -- -->  	 278.0 °	  -2.5 °		0.61								  -2.5 °	-0.03	0.61	0.61	724070.5	5021912.0	1759.7	231.2		

	8a98	    -- -->  	  89.2 °	  -0.8 °		0.14								  -0.8 °	-0.00	0.14	0.14	724071.2	5021911.9	1759.8	230.7		

	8a98	    -- -->  	 280.2 °	  77.4 °		1.55								  77.4 °	1.51	1.55	0.34	724070.7	5021911.9	1761.3	230.9		

	8a98	    -- -->  	 338.2 °	 -79.9 °		1.90								 -79.9 °	-1.87	1.90	0.33	724070.9	5021912.2	1757.9	230.9		

	8a98	   8a99	 330.3 °	 -13.7 °		3.20				0.1	0.5	1.6	1.4	 -13.7 °	-0.76	3.20	3.11	724069.5	5021914.6	1759.0	233.7		

	8a99	    -- -->  	 297.9 °	  19.1 °		0.14								  19.1 °	0.05	0.14	0.13	724069.4	5021914.6	1759.1	233.8		

	8a99	    -- -->  	 113.3 °	   4.1 °		0.47								   4.1 °	0.03	0.47	0.46	724069.9	5021914.4	1759.0	234.1		

	8a99	    -- -->  	  53.5 °	  70.7 °		1.66								  70.7 °	1.57	1.66	0.55	724069.9	5021914.9	1760.6	234.2		

	8a99	    -- -->  	 202.2 °	 -80.2 °		1.45								 -80.2 °	-1.43	1.45	0.25	724069.4	5021914.3	1757.6	233.9		

	8a99	   8a100	  45.8 °	   3.6 °		0.91				0.2	0.1	1.4	1.6	   3.6 °	0.06	0.91	0.91	724070.2	5021915.2	1759.1	234.6		

	8a100	    -- -->  	 265.7 °	   8.7 °		0.23								   8.7 °	0.03	0.23	0.23	724069.9	5021915.2	1759.1	234.8		

	8a100	    -- -->  	  94.2 °	  -3.8 °		0.14								  -3.8 °	-0.01	0.14	0.14	724070.3	5021915.2	1759.1	234.7		

	8a100	    -- -->  	 304.8 °	  84.4 °		1.39								  84.4 °	1.38	1.39	0.14	724070.0	5021915.3	1760.5	234.7		

	8a100	    -- -->  	 352.0 °	 -83.7 °		1.64								 -83.7 °	-1.63	1.64	0.18	724070.1	5021915.4	1757.4	234.8		

	8a100	   8a101	 343.1 °	   1.2 °		1.87				0.3	0.1	1.5	1.9	   1.2 °	0.04	1.87	1.87	724069.6	5021917.0	1759.1	236.4		

	8a101	    -- -->  	 205.2 °	   7.7 °		0.34								   7.7 °	0.05	0.34	0.33	724069.5	5021916.7	1759.2	236.8		

	8a101	    -- -->  	   8.8 °	   6.5 °		0.13								   6.5 °	0.01	0.13	0.13	724069.6	5021917.1	1759.1	236.6		

	8a101	    -- -->  	 205.3 °	  81.1 °		1.52								  81.1 °	1.50	1.52	0.23	724069.5	5021916.8	1760.6	236.7		

	8a101	    -- -->  	 336.3 °	 -79.3 °		1.92								 -79.3 °	-1.88	1.92	0.36	724069.5	5021917.3	1757.2	236.8		

	8a101	   8a102	 282.4 °	 -24.5 °		2.25				0.1	0.4	1.8	1.1	 -24.5 °	-0.93	2.25	2.05	724067.6	5021917.4	1758.2	238.5		

	8a102	    -- -->  	 242.8 °	  36.6 °		0.14								  36.6 °	0.09	0.14	0.12	724067.5	5021917.4	1758.3	238.6		

	8a102	    -- -->  	  64.7 °	   4.2 °		0.37								   4.2 °	0.03	0.37	0.37	724067.9	5021917.6	1758.2	238.9		

	8a102	    -- -->  	  57.7 °	  75.9 °		1.88								  75.9 °	1.83	1.88	0.46	724068.0	5021917.7	1760.0	239.0		

	8a102	    -- -->  	 222.5 °	 -88.4 °		1.14								 -88.4 °	-1.14	1.14	0.03	724067.6	5021917.4	1757.0	238.5		

	8a102	   8a103	  17.0 °	   4.1 °		1.91				0.4	0.1	1.6	1.8	   4.1 °	0.14	1.91	1.91	724068.1	5021919.2	1758.3	240.4		

	8a103	    -- -->  	 287.8 °	   5.7 °		0.42								   5.7 °	0.04	0.42	0.42	724067.7	5021919.4	1758.4	240.8		

	8a103	    -- -->  	  91.7 °	  -5.2 °		0.13								  -5.2 °	-0.01	0.13	0.13	724068.3	5021919.2	1758.3	240.5		

	8a103	    -- -->  	 319.6 °	  83.2 °		1.58								  83.2 °	1.57	1.58	0.19	724068.0	5021919.4	1759.9	240.6		

	8a103	    -- -->  	 355.8 °	 -70.3 °		1.88								 -70.3 °	-1.77	1.88	0.63	724068.1	5021919.9	1756.5	241.0		

	8a103	   8a104	 322.3 °	   4.9 °		1.65				0.1	0.5	0.8	1.3	   4.9 °	0.14	1.65	1.64	724067.1	5021920.5	1758.5	242.0		

	8a104	    -- -->  	 279.7 °	   9.1 °		0.14								   9.1 °	0.02	0.14	0.14	724067.0	5021920.6	1758.5	242.2		

	8a104	    -- -->  	  95.2 °	   0.1 °		0.47								   0.1 °	0.00	0.47	0.46	724067.6	5021920.5	1758.5	242.5		

	8a104	    -- -->  	  33.6 °	  62.6 °		0.93								  62.6 °	0.83	0.93	0.43	724067.4	5021920.9	1759.3	242.5		

	8a104	    -- -->  	 328.8 °	 -81.4 °		1.35								 -81.4 °	-1.33	1.35	0.20	724067.0	5021920.7	1757.1	242.2		

	8a104	   8a105	  24.1 °	   8.4 °		0.99				0.5	0.1	0.6	1.6	   8.4 °	0.14	0.99	0.98	724067.5	5021921.4	1758.6	243.0		

	8a105	    -- -->  	 232.9 °	   2.3 °		0.47								   2.3 °	0.02	0.47	0.47	724067.1	5021921.1	1758.6	243.5		

	8a105	    -- -->  	  54.4 °	   4.1 °		0.14								   4.1 °	0.01	0.14	0.14	724067.6	5021921.5	1758.6	243.2		

	8a105	    -- -->  	 186.8 °	  84.6 °		0.63								  84.6 °	0.63	0.63	0.06	724067.5	5021921.4	1759.2	243.1		

	8a105	    -- -->  	 262.9 °	 -86.0 °		1.64								 -86.0 °	-1.63	1.64	0.11	724067.4	5021921.4	1757.0	243.1		

	8a105	   8a106	 262.7 °	 -11.7 °		2.04				0.1	0.4	1.0	1.4	 -11.7 °	-0.41	2.04	2.00	724065.5	5021921.2	1758.2	245.0		

	8a106	    -- -->  	 244.2 °	  20.3 °		0.14								  20.3 °	0.05	0.14	0.14	724065.4	5021921.1	1758.2	245.2		

	8a106	    -- -->  	  46.5 °	  -0.7 °		0.41								  -0.7 °	-0.00	0.41	0.41	724065.8	5021921.4	1758.2	245.4		

	8a106	    -- -->  	  50.1 °	  75.8 °		1.01								  75.8 °	0.98	1.01	0.25	724065.7	5021921.3	1759.2	245.3		

	8a106	    -- -->  	 232.0 °	 -85.6 °		1.36								 -85.6 °	-1.36	1.36	0.10	724065.5	5021921.1	1756.8	245.1		

	8a106	   8a107	 345.9 °	 -15.2 °		1.91				0.1	0.2	1.0	1.5	 -15.2 °	-0.50	1.91	1.84	724065.1	5021922.9	1757.7	246.9		

	8a107	    -- -->  	 274.5 °	  -4.1 °		0.14								  -4.1 °	-0.01	0.14	0.14	724064.9	5021923.0	1757.7	247.0		

	8a107	    -- -->  	  88.9 °	   2.6 °		0.22								   2.6 °	0.01	0.22	0.22	724065.3	5021922.9	1757.7	247.1		

	8a107	    -- -->  	   4.1 °	  57.3 °		1.19								  57.3 °	1.00	1.19	0.64	724065.1	5021923.6	1758.7	247.5		

	8a107	    -- -->  	 303.6 °	 -84.0 °		1.54								 -84.0 °	-1.53	1.54	0.16	724064.9	5021923.0	1756.2	247.0		

	8a107	   8a108	  10.2 °	  -7.6 °		3.12				0.1	0.2	1.2	1.7	  -7.6 °	-0.41	3.12	3.09	724065.6	5021926.0	1757.3	250.0		

	8a108	    -- -->  	 328.6 °			0.13										0.13	0.13	724065.5	5021926.1	1757.3	250.1		

	8a108	    -- -->  	 135.9 °	  -8.8 °		0.23								  -8.8 °	-0.04	0.23	0.23	724065.8	5021925.8	1757.2	250.2		

	8a108	    -- -->  	 111.5 °	  79.7 °		1.25								  79.7 °	1.23	1.25	0.22	724065.8	5021925.9	1758.5	250.2		

	8a108	    -- -->  	 212.3 °	 -88.5 °		1.67								 -88.5 °	-1.67	1.67	0.05	724065.6	5021926.0	1755.6	250.0		

	8a108	   8a109	  53.2 °	 -20.6 °		1.36				0.2	0.1	1.8	1.7	 -20.6 °	-0.48	1.36	1.27	724066.6	5021926.8	1756.8	251.2		

	8a109	    -- -->  	 296.0 °	  -1.0 °		0.22								  -1.0 °	-0.00	0.22	0.22	724066.4	5021926.9	1756.8	251.5		

	8a109	    -- -->  	 109.6 °	  15.2 °		0.16								  15.2 °	0.04	0.16	0.16	724066.8	5021926.7	1756.8	251.4		

	8a109	    -- -->  	 295.9 °	  81.0 °		1.85								  81.0 °	1.83	1.85	0.29	724066.4	5021926.9	1758.6	251.5		

	8a109	    -- -->  	  26.5 °	 -69.2 °		1.84								 -69.2 °	-1.72	1.84	0.65	724066.9	5021927.3	1755.1	251.9		

	8a109	   8a110	   8.2 °	   3.3 °		1.84				0.1	0.2	1.4	1.7	   3.3 °	0.11	1.84	1.84	724066.9	5021928.6	1756.9	253.1		

	8a110	    -- -->  	 290.1 °	   6.7 °		0.13								   6.7 °	0.02	0.13	0.13	724066.7	5021928.6	1756.9	253.2		

	8a110	    -- -->  	 115.5 °	  -1.3 °		0.23								  -1.3 °	-0.00	0.23	0.22	724067.1	5021928.5	1756.9	253.3		

	8a110	    -- -->  	 209.9 °	  76.6 °		1.48								  76.6 °	1.44	1.48	0.34	724066.7	5021928.3	1758.3	253.4		

	8a110	    -- -->  	 278.1 °	 -84.6 °		1.73								 -84.6 °	-1.72	1.73	0.16	724066.7	5021928.6	1755.2	253.2		

	8a110	   8a111	 345.4 °	  -3.7 °		1.29				0.1	0.2	1.5	1.7	  -3.7 °	-0.08	1.29	1.29	724066.5	5021929.8	1756.8	254.4		

	8a111	    -- -->  	 139.1 °	   6.6 °		0.27								   6.6 °	0.03	0.27	0.27	724066.7	5021929.6	1756.8	254.6		

	8a111	    -- -->  	 279.5 °	  20.6 °		0.12								  20.6 °	0.04	0.12	0.11	724066.4	5021929.8	1756.9	254.5		

	8a111	    -- -->  	  87.2 °	  67.7 °		1.60								  67.7 °	1.48	1.60	0.61	724067.1	5021929.9	1758.3	255.0		

	8a111	    -- -->  	 346.4 °	 -88.0 °		1.67								 -88.0 °	-1.67	1.67	0.06	724066.5	5021929.9	1755.1	254.4		

	8a111	   8a112	  61.5 °	   8.3 °		0.93				0.4	0.1	1.3	1.6	   8.3 °	0.13	0.93	0.92	724067.3	5021930.3	1757.0	255.3		

	8a112	    -- -->  	 267.8 °	   2.3 °		0.39								   2.3 °	0.02	0.39	0.39	724066.9	5021930.2	1757.0	255.7		

	8a112	    -- -->  	  78.2 °	  13.3 °		0.13								  13.3 °	0.03	0.13	0.12	724067.5	5021930.3	1757.0	255.4		

	8a112	    -- -->  	 178.3 °	  79.8 °		1.30								  79.8 °	1.28	1.30	0.23	724067.3	5021930.0	1758.2	255.5		

	8a112	    -- -->  	 303.2 °	 -78.3 °		1.62								 -78.3 °	-1.58	1.62	0.33	724067.1	5021930.4	1755.4	255.6		

	8a112	   8a113	 305.6 °	 -10.2 °		1.45				0.1	0.4	1.2	1.8	 -10.2 °	-0.26	1.45	1.43	724066.2	5021931.1	1756.7	256.7		

	8a113	    -- -->  	 262.5 °	 -26.4 °		0.14								 -26.4 °	-0.06	0.14	0.12	724066.0	5021931.1	1756.6	256.8		

	8a113	    -- -->  	  92.3 °	   5.0 °		0.42								   5.0 °	0.04	0.42	0.42	724066.6	5021931.1	1756.7	257.1		

	8a113	    -- -->  	  53.0 °	  64.1 °		1.32								  64.1 °	1.19	1.32	0.58	724066.6	5021931.4	1757.9	257.3		

	8a113	    -- -->  	 334.1 °	 -82.3 °		1.84								 -82.3 °	-1.82	1.84	0.25	724066.1	5021931.3	1754.9	257.0		

	8a113	   8a114	  22.3 °	   1.2 °		1.69				0.3	0.1	1.1	2.0	   1.2 °	0.04	1.69	1.69	724066.8	5021932.7	1756.7	258.4		

	8a114	    -- -->  	 247.1 °	  -3.9 °		0.28								  -3.9 °	-0.02	0.28	0.28	724066.5	5021932.5	1756.7	258.7		

	8a114	    -- -->  	  61.8 °	  36.0 °		0.14								  36.0 °	0.08	0.14	0.11	724066.9	5021932.7	1756.8	258.5		

	8a114	    -- -->  	 186.1 °	  80.5 °		1.15								  80.5 °	1.14	1.15	0.19	724066.8	5021932.5	1757.9	258.6		

	8a114	    -- -->  	 142.3 °	 -84.5 °		2.05								 -84.5 °	-2.04	2.05	0.20	724066.9	5021932.5	1754.7	258.6		

	8a114	   8a115	 315.9 °	 -22.2 °		1.14				0.4	0.1	1.4	1.6	 -22.2 °	-0.43	1.14	1.06	724066.1	5021933.4	1756.3	259.4		

	8a115	    -- -->  	 166.2 °	   3.8 °		0.40								   3.8 °	0.03	0.40	0.40	724066.2	5021933.0	1756.3	259.9		

	8a115	    -- -->  	 349.1 °	  16.4 °		0.14								  16.4 °	0.04	0.14	0.13	724066.0	5021933.5	1756.3	259.6		

	8a115	    -- -->  	 208.1 °	  74.1 °		1.49								  74.1 °	1.43	1.49	0.41	724065.9	5021933.0	1757.7	259.9		

	8a115	    -- -->  	 328.1 °	 -69.9 °		1.69								 -69.9 °	-1.59	1.69	0.58	724065.7	5021933.9	1754.7	260.0		

	8a115	   8a116	 230.7 °	  -2.6 °		1.11								  -2.6 °	-0.05	1.11	1.11	724065.2	5021932.7	1756.2	260.6		

Date du lever : 	08/10/2022	Déclinaison = 	2.53 °
Operateurs :	Emmanuel Vitte notes	Fr?deric P?trot length compass clino	Olivier Guille length compass clino
mesures des longueurs :	DistoX
mesures des Azimuts :	DistoX	 en degrés
mesures des Pentes :	DistoX	 en degrés
	8a116	   8a117	 320.7 °	   6.2 °		2.09				0.5	0.1	0.7	1.7	   6.2 °	0.22	2.09	2.08	724063.9	5021934.3	1756.5	262.6		

	8a116	    -- -->  	 203.8 °	   7.7 °		0.15								   7.7 °	0.02	0.15	0.15	724065.1	5021932.6	1756.3	260.7		

	8a116	    -- -->  	   3.6 °	  -0.1 °		0.38								  -0.1 °	-0.00	0.38	0.38	724065.2	5021933.1	1756.2	260.9		

	8a116	    -- -->  	 330.6 °	  83.6 °		1.16								  83.6 °	1.15	1.16	0.13	724065.1	5021932.8	1757.4	260.7		

	8a116	    -- -->  	 300.6 °	 -86.7 °		1.95								 -86.7 °	-1.94	1.95	0.11	724065.1	5021932.8	1754.3	260.7		

	8a117	    -- -->  	 199.0 °	   0.7 °		0.51								   0.7 °	0.01	0.51	0.51	724063.7	5021933.8	1756.5	263.1		

	8a117	    -- -->  	  18.2 °	   2.5 °		0.14								   2.5 °	0.01	0.14	0.14	724063.9	5021934.4	1756.5	262.8		

	8a117	    -- -->  	 185.5 °	  79.5 °		0.69								  79.5 °	0.67	0.69	0.12	724063.9	5021934.2	1757.1	262.8		

	8a117	    -- -->  	 349.6 °	 -81.6 °		1.68								 -81.6 °	-1.66	1.68	0.25	724063.9	5021934.6	1754.8	262.9		

	8a117	   8a118	 272.0 °	 -27.1 °		1.84				0.1	0.3	1.2	1.5	 -27.1 °	-0.84	1.84	1.64	724062.3	5021934.4	1755.6	264.3		

	8a118	    -- -->  	 210.6 °	   7.1 °		0.15								   7.1 °	0.02	0.15	0.14	724062.2	5021934.3	1755.7	264.4		

	8a118	    -- -->  	  24.9 °	  -3.0 °		0.34								  -3.0 °	-0.02	0.34	0.34	724062.4	5021934.7	1755.6	264.6		

	8a118	    -- -->  	  82.6 °	  71.0 °		1.26								  71.0 °	1.19	1.26	0.41	724062.7	5021934.4	1756.8	264.7		

	8a118	    -- -->  	 278.1 °	 -84.6 °		1.52								 -84.6 °	-1.51	1.52	0.14	724062.1	5021934.4	1754.1	264.4		

	8a118	   8a119	 356.6 °	  -7.1 °		3.80				0.1	0.5	0.8	2.3	  -7.1 °	-0.47	3.80	3.77	724062.1	5021938.2	1755.2	268.0		

	8a119	    -- -->  	 311.7 °	  27.4 °		0.15								  27.4 °	0.07	0.15	0.13	724062.0	5021938.2	1755.2	268.2		

	8a119	    -- -->  	 124.0 °	  -3.3 °		0.50								  -3.3 °	-0.03	0.50	0.50	724062.5	5021937.9	1755.1	268.5		

	8a119	    -- -->  	 131.4 °	  76.6 °		0.87								  76.6 °	0.85	0.87	0.20	724062.2	5021938.0	1756.0	268.2		

	8a119	    -- -->  	   2.5 °	 -87.7 °		2.28								 -87.7 °	-2.28	2.28	0.09	724062.1	5021938.2	1752.9	268.1		

	8a119	   8a120	  64.1 °	 -44.7 °		1.70				0.4	0.5	2.0	1.4	 -44.7 °	-1.20	1.70	1.21	724063.2	5021938.7	1754.0	269.3		

	8a120	    -- -->  	 303.7 °	   7.4 °		0.45								   7.4 °	0.06	0.45	0.45	724062.8	5021938.9	1754.0	269.7		

	8a120	    -- -->  	 110.5 °	   5.3 °		0.53								   5.3 °	0.05	0.53	0.53	724063.7	5021938.5	1754.0	269.8		

	8a120	    -- -->  	 247.8 °	  82.8 °		2.02								  82.8 °	2.01	2.02	0.25	724062.9	5021938.6	1756.0	269.5		

	8a120	    -- -->  	 329.5 °	 -85.1 °		1.36								 -85.1 °	-1.36	1.36	0.12	724063.1	5021938.8	1752.6	269.4		

	8a120	   8a121	 337.0 °	  -3.7 °		2.65				0.5	0.1	1.9	1.3	  -3.7 °	-0.17	2.65	2.64	724062.1	5021941.1	1753.8	271.9		

	8a121	    -- -->  	 206.2 °	  15.3 °		0.55								  15.3 °	0.15	0.55	0.53	724061.9	5021940.6	1753.9	272.4		

	8a121	    -- -->  	  21.4 °	   8.0 °		0.14								   8.0 °	0.02	0.14	0.14	724062.2	5021941.2	1753.8	272.0		

	8a121	    -- -->  	 216.0 °	  75.5 °		1.98								  75.5 °	1.92	1.98	0.50	724061.8	5021940.7	1755.7	272.4		

	8a121	    -- -->  	   0.0 °	 -71.8 °		1.40								 -71.8 °	-1.33	1.40	0.44	724062.1	5021941.6	1752.5	272.3		

	8a121	   8a122	 278.6 °	  16.0 °		0.84				0.1	0.6	1.2	1.6	  16.0 °	0.23	0.84	0.81	724061.3	5021941.2	1754.0	272.7		

	8a122	    -- -->  	 209.1 °	  -0.7 °		0.15								  -0.7 °	-0.00	0.15	0.15	724061.3	5021941.1	1754.0	272.9		

	8a122	    -- -->  	  32.3 °	   1.9 °		0.66								   1.9 °	0.02	0.66	0.66	724061.7	5021941.8	1754.0	273.4		

	8a122	    -- -->  	  79.9 °	  73.2 °		1.28								  73.2 °	1.23	1.28	0.37	724061.7	5021941.3	1755.3	273.1		

	8a122	    -- -->  	 288.7 °	 -82.3 °		1.62								 -82.3 °	-1.61	1.62	0.22	724061.1	5021941.3	1752.4	272.9		

	8a122	   8a123	   2.2 °	 -30.0 °		3.06				0.5	0.1	2.3	0.8	 -30.0 °	-1.53	3.06	2.65	724061.5	5021943.9	1752.5	275.4		

	8a123	    -- -->  	 233.8 °	  -4.3 °		0.52								  -4.3 °	-0.04	0.52	0.52	724061.1	5021943.6	1752.5	275.9		

	8a123	    -- -->  	  47.6 °	   0.4 °		0.15								   0.4 °	0.00	0.15	0.15	724061.6	5021944.0	1752.5	275.5		

	8a123	    -- -->  	 192.5 °	  75.3 °		2.37								  75.3 °	2.29	2.37	0.60	724061.3	5021943.3	1754.8	276.0		

	8a123	    -- -->  	 289.4 °	 -88.8 °		0.84								 -88.8 °	-0.84	0.84	0.02	724061.5	5021943.9	1751.7	275.4		

	8a123	   8a124	 259.1 °	  19.4 °		2.28				0.1	0.6	1.2	1.9	  19.4 °	0.76	2.28	2.15	724059.4	5021943.5	1753.3	277.5		

	8a124	    -- -->  	 194.4 °	   8.8 °		0.15								   8.8 °	0.02	0.15	0.15	724059.3	5021943.4	1753.3	277.7		

	8a124	    -- -->  	  41.0 °	  -6.0 °		0.56								  -6.0 °	-0.06	0.56	0.55	724059.7	5021943.9	1753.2	278.1		

	8a124	    -- -->  	  70.0 °	  74.8 °		1.26								  74.8 °	1.22	1.26	0.33	724059.7	5021943.6	1754.5	277.8		

	8a124	    -- -->  	 242.6 °	 -82.4 °		1.94								 -82.4 °	-1.92	1.94	0.26	724059.1	5021943.4	1751.3	277.8		

	8a124	   8a125	  18.4 °	 -11.6 °		0.53				0.3	0.1	1.4	1.8	 -11.6 °	-0.11	0.53	0.52	724059.5	5021944.0	1753.1	278.0		

	8a125	    -- -->  	 253.2 °	   6.1 °		0.35								   6.1 °	0.04	0.35	0.35	724059.2	5021943.9	1753.2	278.4		

	8a125	    -- -->  	  53.7 °	 -10.9 °		0.15								 -10.9 °	-0.03	0.15	0.15	724059.6	5021944.1	1753.1	278.2		

	8a125	    -- -->  	 292.1 °	  75.7 °		1.45								  75.7 °	1.41	1.45	0.36	724059.2	5021944.1	1754.6	278.4		

	8a125	    -- -->  	 212.2 °	 -77.5 °		1.82								 -77.5 °	-1.78	1.82	0.39	724059.3	5021943.7	1751.4	278.4		

	8a125	   8a126	 312.6 °	 -12.0 °		2.70				0.1	0.5	1.1	1.3	 -12.0 °	-0.56	2.70	2.64	724057.6	5021945.8	1752.6	280.7		

	8a126	    -- -->  	 280.0 °	   8.0 °		0.15								   8.0 °	0.02	0.15	0.15	724057.4	5021945.8	1752.6	280.8		

	8a126	    -- -->  	  87.6 °	  -5.6 °		0.47								  -5.6 °	-0.05	0.47	0.47	724058.1	5021945.8	1752.5	281.1		

	8a126	    -- -->  	 126.3 °	  63.9 °		1.27								  63.9 °	1.14	1.27	0.56	724058.0	5021945.5	1753.7	281.2		

	8a126	    -- -->  	 316.6 °	 -86.8 °		1.34								 -86.8 °	-1.34	1.34	0.08	724057.5	5021945.9	1751.2	280.7		

	8a126	   8a127	  61.9 °	  -5.2 °		1.50				0.3	0.1	1.2	1.6	  -5.2 °	-0.14	1.50	1.49	724058.9	5021946.5	1752.5	282.2		

	8a127	    -- -->  	 285.9 °	  -5.2 °		0.31								  -5.2 °	-0.03	0.31	0.31	724058.6	5021946.6	1752.4	282.5		

	8a127	    -- -->  	 133.6 °	  11.9 °		0.14								  11.9 °	0.03	0.14	0.14	724059.0	5021946.4	1752.5	282.3		

	8a127	    -- -->  	 241.5 °	  71.2 °		1.28								  71.2 °	1.21	1.28	0.41	724058.6	5021946.3	1753.7	282.6		

	8a127	    -- -->  	  46.6 °	 -80.3 °		1.67								 -80.3 °	-1.64	1.67	0.28	724059.1	5021946.7	1750.8	282.4		

	8a127	   8a128	 340.6 °	 -10.3 °		2.47				0.2	0.3	1.1	1.7	 -10.3 °	-0.44	2.47	2.43	724058.1	5021948.8	1752.0	284.6		

	8a128	    -- -->  	 200.8 °	   9.5 °		0.20								   9.5 °	0.03	0.20	0.20	724058.1	5021948.6	1752.0	284.8		

	8a128	    -- -->  	  17.4 °	   5.6 °		0.26								   5.6 °	0.03	0.26	0.25	724058.2	5021949.0	1752.0	284.8		

	8a128	    -- -->  	 178.9 °	  77.0 °		1.15								  77.0 °	1.12	1.15	0.26	724058.1	5021948.5	1753.1	284.8		

	8a128	    -- -->  	 158.7 °	 -84.5 °		1.72								 -84.5 °	-1.71	1.72	0.17	724058.2	5021948.6	1750.3	284.8		

	8a128	   8a129	 265.9 °	  -9.0 °		3.15				0.1	0.3	1.1	1.8	  -9.0 °	-0.49	3.15	3.11	724055.0	5021948.6	1751.5	287.7		

	8a129	    -- -->  	 209.1 °	  16.4 °		0.15								  16.4 °	0.04	0.15	0.14	724055.0	5021948.5	1751.6	287.8		

	8a129	    -- -->  	  19.0 °	   2.4 °		0.34								   2.4 °	0.01	0.34	0.34	724055.1	5021948.9	1751.5	288.0		

	8a129	    -- -->  	  35.0 °	  84.4 °		1.09								  84.4 °	1.08	1.09	0.11	724055.1	5021948.7	1752.6	287.8		

	8a129	    -- -->  	  47.4 °	 -86.6 °		1.75								 -86.6 °	-1.75	1.75	0.10	724055.1	5021948.7	1749.8	287.8		

	8a129	   8a130	 318.7 °	 -10.3 °		1.64				0.2	0.2	0.9	2.0	 -10.3 °	-0.29	1.64	1.61	724054.0	5021949.8	1751.2	289.3		

	8a130	    -- -->  	 250.8 °	  10.4 °		0.23								  10.4 °	0.04	0.23	0.23	724053.8	5021949.7	1751.3	289.5		

	8a130	    -- -->  	  64.5 °	  -3.2 °		0.20								  -3.2 °	-0.01	0.20	0.20	724054.2	5021949.9	1751.2	289.5		

	8a130	    -- -->  	 123.7 °	  85.3 °		0.87								  85.3 °	0.87	0.87	0.07	724054.0	5021949.8	1752.1	289.4		

	8a130	    -- -->  	 321.3 °	 -76.6 °		2.07								 -76.6 °	-2.02	2.07	0.48	724053.7	5021950.2	1749.2	289.8		

	8a130	   8a131	   2.4 °	 -35.8 °		2.11				0.1	0.3	2.0	0.9	 -35.8 °	-1.24	2.11	1.71	724054.1	5021951.5	1750.0	291.0		

	8a131	    -- -->  	 294.8 °	  10.1 °		0.14								  10.1 °	0.02	0.14	0.14	724053.9	5021951.6	1750.0	291.2		

	8a131	    -- -->  	 120.4 °	  -9.8 °		0.30								  -9.8 °	-0.05	0.30	0.29	724054.3	5021951.4	1749.9	291.3		

	8a131	    -- -->  	 111.7 °	  79.8 °		2.08								  79.8 °	2.05	2.08	0.37	724054.4	5021951.4	1752.0	291.4		

	8a131	    -- -->  	 348.5 °	 -74.6 °		0.96								 -74.6 °	-0.93	0.96	0.26	724054.0	5021951.8	1749.1	291.3		

	8a131	   8a132	  73.4 °	  10.0 °		0.60				0.3	0.2	1.9	1.3	  10.0 °	0.10	0.60	0.59	724054.6	5021951.7	1750.1	291.6		

	8a132	    -- -->  	 307.5 °	   0.5 °		0.34								   0.5 °	0.00	0.34	0.34	724054.4	5021951.9	1750.1	292.0		

	8a132	    -- -->  	 116.2 °	   6.8 °		0.16								   6.8 °	0.02	0.16	0.16	724054.8	5021951.6	1750.1	291.8		

	8a132	    -- -->  	 235.8 °	  86.3 °		1.93								  86.3 °	1.92	1.93	0.12	724054.5	5021951.6	1752.0	291.7		

	8a132	    -- -->  	   3.9 °	 -77.3 °		1.33								 -77.3 °	-1.30	1.33	0.29	724054.6	5021952.0	1748.8	291.9		

	8a132	   8a133	 348.8 °	  -5.3 °		3.99				0.4	0.1	1.6	1.2	  -5.3 °	-0.37	3.99	3.97	724053.9	5021955.6	1749.7	295.6		

	8a133	    -- -->  	 207.1 °	   0.8 °		0.40								   0.8 °	0.01	0.40	0.40	724053.7	5021955.2	1749.7	296.0		

	8a133	    -- -->  	  24.9 °	  -3.6 °		0.14								  -3.6 °	-0.01	0.14	0.14	724053.9	5021955.7	1749.7	295.7		

	8a133	    -- -->  	 305.7 °	  83.6 °		1.56								  83.6 °	1.55	1.56	0.17	724053.7	5021955.7	1751.3	295.8		

	8a133	    -- -->  	 170.2 °	 -79.3 °		1.21								 -79.3 °	-1.19	1.21	0.22	724053.9	5021955.4	1748.5	295.8		

	8a133	   8a134	 282.5 °	 -11.9 °		4.33				0.1	0.6	1.6	0.5	 -11.9 °	-0.89	4.33	4.24	724049.8	5021956.5	1748.8	299.8		

	8a134	    -- -->  	 255.0 °	   1.9 °		0.15								   1.9 °	0.01	0.15	0.15	724049.6	5021956.5	1748.8	300.0		

	8a134	    -- -->  	  78.4 °	   5.5 °		0.63								   5.5 °	0.06	0.63	0.63	724050.4	5021956.7	1748.9	300.5		

	8a134	    -- -->  	  74.0 °	  82.8 °		1.62								  82.8 °	1.61	1.62	0.20	724050.0	5021956.6	1750.4	300.0		

	8a134	    -- -->  	 194.0 °	 -84.7 °		0.53								 -84.7 °	-0.53	0.53	0.05	724049.7	5021956.5	1748.3	299.9		

	8a134	   8a135	  48.1 °	 -10.7 °		2.43				0.4	0.1	1.9	0.9	 -10.7 °	-0.45	2.43	2.39	724051.5	5021958.1	1748.4	302.2		

	8a135	    -- -->  	 281.1 °	  -6.8 °		0.43								  -6.8 °	-0.05	0.43	0.43	724051.1	5021958.2	1748.3	302.6		

	8a135	    -- -->  	  91.9 °	  -4.6 °		0.15								  -4.6 °	-0.01	0.15	0.15	724051.7	5021958.1	1748.4	302.4		

	8a135	    -- -->  	 280.1 °	  69.9 °		2.05								  69.9 °	1.93	2.05	0.71	724050.9	5021958.3	1750.3	302.9		

	8a135	    -- -->  	 305.6 °	 -81.1 °		0.90								 -81.1 °	-0.89	0.90	0.14	724051.4	5021958.2	1747.5	302.4		

	8a135	   8a136	 311.0 °	   5.1 °		1.60				0.4	0.1	1.8	1.4	   5.1 °	0.14	1.60	1.59	724050.4	5021959.2	1748.5	303.8		

	8a136	    -- -->  	 167.6 °	  -1.6 °		0.40								  -1.6 °	-0.01	0.40	0.40	724050.4	5021958.8	1748.5	304.2		

	8a136	    -- -->  	 346.5 °	  15.3 °		0.15								  15.3 °	0.04	0.15	0.15	724050.3	5021959.3	1748.6	304.0		

	8a136	    -- -->  	 151.9 °	  71.8 °		1.84								  71.8 °	1.75	1.84	0.58	724050.6	5021958.7	1750.3	304.4		

	8a136	    -- -->  	 191.2 °	 -83.2 °		1.44								 -83.2 °	-1.42	1.44	0.17	724050.3	5021959.0	1747.1	304.0		

	8a136	   8a137	 227.1 °	  -2.8 °		1.50				0.1	0.3	1.5	1.4	  -2.8 °	-0.07	1.50	1.50	724049.2	5021958.2	1748.5	305.3		

	8a137	    -- -->  	 176.4 °	 -11.1 °		0.14								 -11.1 °	-0.03	0.14	0.14	724049.3	5021958.0	1748.4	305.4		

	8a137	    -- -->  	   2.5 °	   0.2 °		0.28								   0.2 °	0.00	0.28	0.28	724049.3	5021958.4	1748.5	305.6		

	8a137	    -- -->  	  24.8 °	  74.8 °		1.57								  74.8 °	1.52	1.57	0.41	724049.4	5021958.5	1750.0	305.7		

	8a137	    -- -->  	  41.8 °	 -85.2 °		1.35								 -85.2 °	-1.35	1.35	0.11	724049.3	5021958.3	1747.1	305.4		

	8a137	   8a138	 329.3 °	   0.1 °		1.83				0.3	0.1	1.1	1.4	   0.1 °	0.00	1.83	1.83	724048.3	5021959.8	1748.5	307.1		

	8a138	    -- -->  	 191.6 °	 -10.7 °		0.31								 -10.7 °	-0.06	0.31	0.30	724048.3	5021959.5	1748.4	307.4		

	8a138	    -- -->  	  12.5 °	   9.7 °		0.15								   9.7 °	0.03	0.15	0.15	724048.4	5021959.9	1748.5	307.3		

	8a138	    -- -->  	 107.7 °	  81.4 °		1.16								  81.4 °	1.15	1.16	0.17	724048.5	5021959.7	1749.6	307.3		

	8a138	    -- -->  	 245.3 °	 -81.2 °		1.41								 -81.2 °	-1.39	1.41	0.22	724048.1	5021959.7	1747.1	307.4		

	8a138	   8a139	 254.8 °	  -2.8 °		1.54				0.1	0.3	1.1	1.1	  -2.8 °	-0.07	1.54	1.54	724046.8	5021959.4	1748.4	308.7		

	8a139	    -- -->  	 197.4 °	   4.3 °		0.15								   4.3 °	0.01	0.15	0.15	724046.8	5021959.2	1748.4	308.8		

	8a139	    -- -->  	  13.5 °	   2.9 °		0.36								   2.9 °	0.02	0.36	0.36	724046.9	5021959.7	1748.4	309.0		

	8a139	    -- -->  	  52.2 °	  82.7 °		1.15								  82.7 °	1.14	1.15	0.15	724047.0	5021959.5	1749.5	308.8		

	8a139	    -- -->  	 265.4 °	 -83.9 °		1.16								 -83.9 °	-1.15	1.16	0.12	724046.7	5021959.4	1747.2	308.8		

	8a139	   8a140	 332.5 °	  -5.7 °		2.22				0.6	0.1	0.9	0.9	  -5.7 °	-0.22	2.22	2.21	724045.8	5021961.3	1748.2	310.9		

	8a140	    -- -->  	 180.3 °	  -3.1 °		0.60								  -3.1 °	-0.03	0.60	0.60	724045.8	5021960.7	1748.1	311.5		

	8a140	    -- -->  	 346.1 °	   7.3 °		0.14								   7.3 °	0.02	0.14	0.14	724045.8	5021961.5	1748.2	311.0		

	8a140	    -- -->  	 145.1 °	  80.0 °		0.89								  80.0 °	0.87	0.89	0.15	724045.9	5021961.2	1749.0	311.0		

	8a140	    -- -->  	 280.7 °	 -86.1 °		0.86								 -86.1 °	-0.86	0.86	0.06	724045.8	5021961.3	1747.3	310.9		

	8a140	   8a141	 231.9 °	 -25.0 °		2.66				0.3	0.1	1.6	1.4	 -25.0 °	-1.13	2.66	2.41	724043.9	5021959.9	1747.0	313.3		

	8a141	    -- -->  	  99.3 °	   6.8 °		0.34								   6.8 °	0.04	0.34	0.33	724044.3	5021959.8	1747.1	313.6		

	8a141	    -- -->  	 279.3 °	  -2.7 °		0.15								  -2.7 °	-0.01	0.15	0.15	724043.8	5021959.9	1747.0	313.4		

	8a141	    -- -->  	 122.2 °	  72.5 °		1.72								  72.5 °	1.64	1.72	0.52	724044.4	5021959.6	1748.7	313.8		

	8a141	    -- -->  	 295.6 °	 -87.0 °		1.45								 -87.0 °	-1.45	1.45	0.08	724043.9	5021959.9	1745.6	313.4		

	8a141	   8a142	 173.8 °	 -17.2 °		1.44				0.1	0.2	2.3	6.8	 -17.2 °	-0.43	1.44	1.38	724044.1	5021958.5	1746.6	314.7		

	8a142	    -- -->  	 142.4 °	  -2.1 °		0.14								  -2.1 °	-0.01	0.14	0.14	724044.1	5021958.4	1746.6	314.8		

	8a142	    -- -->  	 312.9 °	   6.6 °		0.24								   6.6 °	0.03	0.24	0.23	724043.9	5021958.7	1746.6	314.9		

	8a142	    -- -->  	  27.0 °	  85.0 °		2.25								  85.0 °	2.25	2.25	0.20	724044.2	5021958.7	1748.9	314.9		

	8a142	    -- -->  	  30.6 °	 -76.5 °		1.31								 -76.5 °	-1.27	1.31	0.30	724044.2	5021958.8	1745.3	315.0		

	8a142	    -- -->  	 224.4 °	 -84.6 °		6.88								 -84.6 °	-6.85	6.88	0.65	724043.6	5021958.0	1739.8	315.3		

	8a142	   8a143	 247.1 °	 -75.1 °		6.70					1.9	7.3	0.8	 -75.1 °	-6.48	6.70	1.72	724042.5	5021957.8	1740.1	316.4		

	8a143	    -- -->  	 135.0 °			0.14										0.14	0.14	724042.6	5021957.7	1740.1	316.5		

	8a143	    -- -->  	  34.2 °	   0.7 °		1.86								   0.7 °	0.02	1.86	1.86	724043.5	5021959.4	1740.2	318.2		

	8a143	    -- -->  	  10.2 °	  85.5 °		7.28								  85.5 °	7.25	7.28	0.58	724042.6	5021958.4	1747.4	317.0		

	8a143	    -- -->  	  85.8 °	 -88.0 °		0.79								 -88.0 °	-0.79	0.79	0.03	724042.5	5021957.8	1739.4	316.4		

	8a143	    -- -->  	 332.4 °	   4.8 °		3.65								   4.8 °	0.31	3.65	3.64	724040.8	5021961.1	1740.4	320.0		

	8a143	    -- -->  	  77.2 °	   0.1 °		1.52								   0.1 °	0.00	1.52	1.52	724044.0	5021958.2	1740.1	317.9		

	8a143	    -- -->  	   4.3 °	   0.9 °		2.92								   0.9 °	0.04	2.92	2.92	724042.7	5021960.7	1740.2	319.3		

	8a143	   8a144	   1.1 °	  19.6 °		2.96					0.1	6.4	2.2	  19.6 °	0.99	2.96	2.79	724042.5	5021960.6	1741.1	319.2		

	8a144	    -- -->  	 326.9 °	  -7.4 °		0.93								  -7.4 °	-0.12	0.93	0.93	724042.1	5021961.4	1741.0	320.1		

	8a144	    -- -->  	 102.6 °	  10.6 °		0.14								  10.6 °	0.03	0.14	0.13	724042.7	5021960.6	1741.2	319.3		

	8a144	    -- -->  	 266.6 °	  84.7 °		6.39								  84.7 °	6.36	6.39	0.59	724042.0	5021960.6	1747.5	319.8		

	8a144	    -- -->  	  13.5 °	 -85.3 °		2.18								 -85.3 °	-2.17	2.18	0.18	724042.6	5021960.8	1739.0	319.4		

	8a144	->  8a145	 331.6 °	   4.6 °		2.73				0.4	0.1	4.2	2.5	   4.6 °	0.22	2.73	2.72	724041.3	5021963.0	1741.3	321.9		

	8a145	    -- -->  	 198.1 °	  11.8 °		0.46								  11.8 °	0.09	0.46	0.45	724041.1	5021962.6	1741.4	322.3		

	8a145	    -- -->  	  10.9 °	  -2.6 °		0.15								  -2.6 °	-0.01	0.15	0.15	724041.3	5021963.2	1741.3	322.1		

	8a145	    -- -->  	 145.1 °	  76.2 °		4.33								  76.2 °	4.20	4.33	1.03	724041.9	5021962.2	1745.5	322.9		

	8a145	    -- -->  	 287.9 °	 -76.3 °		2.62								 -76.3 °	-2.55	2.62	0.62	724040.7	5021963.2	1738.8	322.5		

	8a145	   8a146	 271.8 °	 -24.6 °		2.07				0.2	0.2	1.8	2.0	 -24.6 °	-0.86	2.07	1.88	724039.4	5021963.1	1740.5	323.8		

	8a146	    -- -->  	 151.5 °	   3.1 °		0.24								   3.1 °	0.01	0.24	0.24	724039.5	5021962.9	1740.5	324.0		

	8a146	    -- -->  	 331.9 °	  -0.8 °		0.22								  -0.8 °	-0.00	0.22	0.22	724039.3	5021963.3	1740.5	324.0		

	8a146	    -- -->  	 211.7 °	  71.3 °		1.93								  71.3 °	1.83	1.93	0.62	724039.1	5021962.6	1742.3	324.4		

	8a146	    -- -->  	 217.2 °	 -76.5 °		2.11								 -76.5 °	-2.05	2.11	0.49	724039.1	5021962.7	1738.4	324.3		

	8a146	   8a147	 212.2 °	 -10.6 °		1.71				0.2	0.2	2.1	4.2	 -10.6 °	-0.31	1.71	1.68	724038.5	5021961.7	1740.2	325.5		

	8a147	    -- -->  	 166.7 °	  11.0 °		0.23								  11.0 °	0.04	0.23	0.22	724038.5	5021961.5	1740.2	325.7		

	8a147	    -- -->  	 346.2 °	   1.3 °		0.32								   1.3 °	0.01	0.32	0.32	724038.4	5021962.0	1740.2	325.8		

	8a147	    -- -->  	   2.7 °	  72.2 °		2.23								  72.2 °	2.12	2.23	0.68	724038.5	5021962.4	1742.3	326.1		

	8a147	    -- -->  	 245.6 °	 -85.1 °		4.22								 -85.1 °	-4.21	4.22	0.36	724038.2	5021961.5	1736.0	325.8		

Date du lever : 	08/10/2022	Déclinaison = 	2.53 °
Operateurs :	Emmanuel Vitte notes	Fr?deric P?trot length compass clino	Olivier Guille length compass clino
mesures des longueurs :	DistoX
mesures des Azimuts :	DistoX	 en degrés
mesures des Pentes :	DistoX	 en degrés
	8a144	^   8a144-1	 244.9 °	  44.0 °		2.82				1.5		4.6	3.6	  44.0 °	1.96	2.82	2.03	724040.7	5021959.8	1743.1	321.2		

	8a144	    -- -->  	 325.5 °	   2.2 °		0.96								   2.2 °	0.04	0.96	0.96	724042.0	5021961.4	1741.2	320.1		

	8a144	    -- -->  	 113.2 °	   4.7 °		0.14								   4.7 °	0.01	0.14	0.14	724042.7	5021960.6	1741.1	319.3		

	8a144	    -- -->  	 268.3 °	  85.7 °		4.10								  85.7 °	4.09	4.10	0.31	724042.2	5021960.6	1745.2	319.5		

	8a144	    -- -->  	 251.4 °	  81.3 °		6.47								  81.3 °	6.40	6.47	0.98	724041.6	5021960.3	1747.5	320.2		

	8a144	    -- -->  	 353.3 °	 -83.8 °		2.13								 -83.8 °	-2.12	2.13	0.23	724042.5	5021960.9	1739.0	319.4		

	8a144-1	    -- -->  	 175.4 °	 -10.8 °		0.39								 -10.8 °	-0.07	0.39	0.39	724040.7	5021959.4	1743.0	321.6		

	8a144-1	    -- -->  	 351.8 °	  17.6 °		1.26								  17.6 °	0.38	1.26	1.21	724040.5	5021961.0	1743.5	322.4		

	8a144-1	    -- -->  	  84.6 °	  79.7 °		4.65								  79.7 °	4.57	4.65	0.83	724041.5	5021959.9	1747.7	322.0		

	8a144-1	    -- -->  	 345.9 °	 -78.1 °		3.58								 -78.1 °	-3.50	3.58	0.74	724040.5	5021960.5	1739.6	321.9		

	8a144-1	    -- -->  	 132.8 °	  -9.5 °		1.15								  -9.5 °	-0.19	1.15	1.14	724041.5	5021959.0	1742.9	322.3		

	8a144-1	    -- -->  	 121.9 °	 -12.8 °		1.68								 -12.8 °	-0.37	1.68	1.64	724042.1	5021958.9	1742.7	322.8		

	8a144-1	    -- -->  	  36.5 °	  -4.3 °		1.90								  -4.3 °	-0.14	1.90	1.89	724041.8	5021961.3	1742.9	323.1		

	8a144-1	    -- -->  	  12.8 °	   2.4 °		1.57								   2.4 °	0.07	1.57	1.57	724041.1	5021961.3	1743.2	322.8		

	8a144-1	    -- -->  	  50.6 °	  -9.0 °		2.58								  -9.0 °	-0.40	2.58	2.55	724042.7	5021961.4	1742.7	323.8		

	8a144-1	    -- -->  	 115.4 °	 -47.0 °		5.26								 -47.0 °	-3.84	5.26	3.59	724043.9	5021958.2	1739.2	324.8		

	8a144-1	    -- -->  	  96.8 °	 -52.3 °		4.76								 -52.3 °	-3.77	4.76	2.91	724043.6	5021959.4	1739.3	324.1		

	8a144-1	    -- -->  	  76.7 °	 -58.0 °		4.55								 -58.0 °	-3.85	4.55	2.41	724043.1	5021960.3	1739.2	323.6		

	8a144-1	    -- -->  	 168.7 °	 -80.5 °		3.63								 -80.5 °	-3.57	3.63	0.60	724040.8	5021959.2	1739.5	321.8		

	8a144-1	    -- -->  	 342.5 °	 -75.5 °		3.54								 -75.5 °	-3.43	3.54	0.89	724040.4	5021960.6	1739.7	322.1		

	8a144-1	   8a144-2	 131.6 °	  27.5 °		1.40				0.1	0.4	3.0	1.7	  27.5 °	0.65	1.40	1.24	724041.6	5021958.9	1743.7	322.4		

	8a144-2	    -- -->  	  97.2 °	  10.1 °		0.15								  10.1 °	0.03	0.15	0.15	724041.8	5021958.9	1743.8	322.6		

	8a144-2	    -- -->  	 270.4 °	  -2.5 °		0.42								  -2.5 °	-0.02	0.42	0.42	724041.2	5021959.0	1743.7	322.9		

	8a144-2	    -- -->  	  35.6 °	  73.2 °		3.18								  73.2 °	3.04	3.18	0.92	724042.2	5021959.7	1746.8	323.4		

	8a144-2	    -- -->  	 269.1 °	 -75.3 °		1.77								 -75.3 °	-1.71	1.77	0.45	724041.2	5021958.9	1742.0	322.9		

	8a144-2	   8a144-3	 190.4 °	   9.8 °		1.11				0.2	0.1	4.0	1.5	   9.8 °	0.19	1.11	1.09	724041.4	5021957.9	1743.9	323.5		

	8a144-3	    -- -->  	  46.8 °	  -1.5 °		0.28								  -1.5 °	-0.01	0.28	0.27	724041.6	5021958.1	1743.9	323.8		

	8a144-3	    -- -->  	 228.1 °	   6.5 °		0.16								   6.5 °	0.02	0.16	0.16	724041.3	5021957.8	1743.9	323.7		

	8a144-3	    -- -->  	 277.5 °	  85.9 °		3.97								  85.9 °	3.96	3.97	0.28	724041.1	5021957.9	1747.9	323.8		

	8a144-3	    -- -->  	  71.7 °	 -69.2 °		1.61								 -69.2 °	-1.51	1.61	0.57	724042.0	5021958.0	1742.4	324.1		

	8a144-3	   8a144-4	 137.3 °	  10.9 °		0.73				0.2	0.3	4.1	1.3	  10.9 °	0.14	0.73	0.72	724041.9	5021957.3	1744.1	324.3		

	8a144-4	    -- -->  	  98.4 °	  10.8 °		0.16								  10.8 °	0.03	0.16	0.16	724042.1	5021957.3	1744.1	324.4		

	8a144-4	    -- -->  	 286.8 °	  -2.1 °		0.30								  -2.1 °	-0.01	0.30	0.30	724041.6	5021957.4	1744.1	324.6		

	8a144-4	    -- -->  	 262.1 °	  81.5 °		4.15								  81.5 °	4.11	4.15	0.61	724041.3	5021957.3	1748.2	324.9		

	8a144-4	    -- -->  	  49.2 °	 -85.5 °		1.35								 -85.5 °	-1.34	1.35	0.11	724042.0	5021957.4	1742.7	324.4		

	8a144-4	   8a144-5	 221.4 °	  12.8 °		2.65				0.3	0.3	6.0	0.6	  12.8 °	0.59	2.65	2.58	724040.2	5021955.4	1744.7	326.8		

	8a144-5	    -- -->  	 120.7 °	   2.5 °		0.38								   2.5 °	0.02	0.38	0.37	724040.5	5021955.2	1744.7	327.2		

	8a144-5	    -- -->  	 320.1 °	   1.4 °		0.48								   1.4 °	0.01	0.48	0.48	724039.9	5021955.8	1744.7	327.3		

	8a144-5	    -- -->  	  23.6 °	  75.6 °		4.32								  75.6 °	4.18	4.32	1.08	724040.6	5021956.4	1748.8	327.9		

	8a144-5	    -- -->  	 106.7 °	 -86.3 °		0.65								 -86.3 °	-0.64	0.65	0.04	724040.2	5021955.4	1744.0	326.9		

	8a144-5	    -- -->  	 346.9 °	  86.6 °		6.04								  86.6 °	6.03	6.04	0.36	724040.1	5021955.8	1750.7	327.2		

	8a144-5	   8a144-6	 148.9 °	  84.2 °		1.99					5.4	1.2	1.5	  84.2 °	1.98	1.99	0.20	724040.3	5021955.2	1746.6	327.0		

	8a144-6	    -- -->  	 175.4 °	   0.4 °		2.52								   0.4 °	0.02	2.52	2.52	724040.5	5021952.7	1746.6	329.6		

	8a144-6	    -- -->  	  13.0 °	   1.4 °		1.40								   1.4 °	0.03	1.40	1.40	724040.6	5021956.6	1746.7	328.4		

	8a144-6	    -- -->  	 178.4 °	  87.9 °		1.18								  87.9 °	1.18	1.18	0.04	724040.3	5021955.2	1747.8	327.1		

	8a144-6	    -- -->  	 301.7 °	 -82.2 °		1.51								 -82.2 °	-1.49	1.51	0.21	724040.1	5021955.4	1745.1	327.2		

	8a144-6	    -- -->  	 118.0 °	  16.3 °		4.23								  16.3 °	1.19	4.23	4.06	724043.8	5021953.3	1747.8	331.1		

	8a144-6	    -- -->  	 104.9 °	  74.3 °		5.53								  74.3 °	5.32	5.53	1.49	724041.7	5021954.9	1752.0	328.5		

	8a144-6	    -- -->  	 105.4 °	  63.8 °		2.80								  63.8 °	2.51	2.80	1.24	724041.5	5021954.9	1749.1	328.3		

	8a144-6	    -- -->  	 264.8 °	  -5.1 °		6.01								  -5.1 °	-0.53	6.01	5.99	724034.3	5021954.8	1746.1	333.0		

	8a144-6	    -- -->  	 277.6 °	  70.4 °		4.78								  70.4 °	4.50	4.78	1.60	724038.7	5021955.5	1751.1	328.6		

	8a144-6	    -- -->  	 291.2 °	  -5.6 °		8.09								  -5.6 °	-0.80	8.09	8.05	724032.8	5021958.2	1745.8	335.1		

	8a144-6	    -- -->  	 269.0 °	  67.3 °		0.49								  67.3 °	0.45	0.49	0.19	724040.1	5021955.2	1747.1	327.2		

Galerie :	Galerie n� 2
Date du lever : 	23/04/2024	Déclinaison = 	2.77 °
Operateurs :	Alain
mesures des longueurs :	DistoX
mesures des Azimuts :	DistoX	 en degrés
mesures des Pentes :	DistoX	 en degrés
	8a144-6	>> 8a144-7	 285.9 °	  72.7 °		19.41				3.4	1.1	0.1	0.2	  72.7 °	18.53	19.41	5.77	724034.7	5021956.9	1765.2	332.8		 vernis lame � gauche frac, milieu escalade de Gervax

	8a144-7	    -- -->  	 168.8 °	   2.5 °		4.21								   2.5 °	0.18	4.21	4.21	724035.5	5021952.8	1765.3	337.0		

	8a144-7	    -- -->  	 130.9 °	   2.5 °		6.45								   2.5 °	0.28	6.45	6.44	724039.6	5021952.6	1765.4	339.3		

	8a144-7	    -- -->  	 107.8 °	   1.2 °		11.91								   1.2 °	0.25	11.91	11.91	724046.0	5021953.1	1765.4	344.7		

	8a144-7	    -- -->  	 101.1 °	   2.6 °		3.83								   2.6 °	0.17	3.83	3.83	724038.5	5021956.1	1765.3	336.6		

	8a144-7	    -- -->  	  71.6 °	   6.0 °		2.37								   6.0 °	0.25	2.37	2.36	724037.0	5021957.6	1765.4	335.2		

	8a144-7	    -- -->  	  37.7 °	   7.4 °		1.14								   7.4 °	0.15	1.14	1.13	724035.4	5021957.8	1765.3	333.9		

	8a144-7	    -- -->  	 339.0 °	   6.3 °		1.61								   6.3 °	0.18	1.61	1.60	724034.2	5021958.4	1765.3	334.4		

	8a144-7	    -- -->  	 307.3 °	  -3.6 °		3.62								  -3.6 °	-0.23	3.62	3.61	724031.9	5021959.1	1764.9	336.4		

	8a144-7	   8a144-8	 305.9 °	  70.1 °		20.88				1.0		3.1	7.5	  70.1 °	19.63	20.88	7.11	724029.0	5021961.1	1784.8	339.9		 pulse haut escalade Gervax

	8a144-8	    -- -->  	 124.0 °	  -8.4 °		1.92								  -8.4 °	-0.28	1.92	1.90	724030.6	5021960.1	1784.5	341.8		

	8a144-8	    -- -->  	 181.7 °	   6.4 °		1.08								   6.4 °	0.12	1.08	1.07	724029.0	5021960.1	1784.9	341.0		

	8a144-8	    -- -->  	 234.4 °	   2.8 °		1.55								   2.8 °	0.08	1.55	1.55	724027.8	5021960.3	1784.9	341.5		

	8a144-8	    -- -->  	 271.3 °	  -3.8 °		1.94								  -3.8 °	-0.13	1.94	1.94	724027.1	5021961.2	1784.7	341.9		

	8a144-8	    -- -->  	 224.8 °	  73.4 °		3.22								  73.4 °	3.09	3.22	0.92	724028.4	5021960.5	1787.9	340.8		

	8a144-8	    -- -->  	 207.8 °	 -77.8 °		4.39								 -77.8 °	-4.29	4.39	0.93	724028.6	5021960.3	1780.5	340.8		

	8a144-8	    -- -->  	 140.6 °	 -77.9 °		7.71								 -77.9 °	-7.54	7.71	1.62	724030.1	5021959.9	1777.3	341.5		

	8a144-8	   8a144-9	 276.1 °	   7.5 °		1.93						2.0	1.6	   7.5 °	0.25	1.93	1.91	724027.1	5021961.4	1785.0	341.8		

	8a144-9	    -- -->  	 124.3 °	  82.7 °		2.06								  82.7 °	2.04	2.06	0.26	724027.4	5021961.2	1787.1	342.1		

	8a144-9	    -- -->  	 172.5 °	 -86.1 °		1.64								 -86.1 °	-1.64	1.64	0.11	724027.2	5021961.3	1783.4	341.9		

	8a144-9	    -- -->  	 356.2 °	  12.7 °		0.63								  12.7 °	0.14	0.63	0.61	724027.1	5021962.0	1785.2	342.4		

	8a144-9	    -- -->  	  99.4 °	   3.8 °		1.39								   3.8 °	0.09	1.39	1.39	724028.5	5021961.1	1785.1	343.2		

	8a144-9	   8a144-10	  72.4 °	  35.5 °		3.15				1.0		0.0	1.4	  35.5 °	1.83	3.15	2.56	724029.6	5021962.1	1786.9	344.4		 AN

	8a144-10	    -- -->  	 333.9 °	   6.4 °		1.17								   6.4 °	0.13	1.17	1.16	724029.1	5021963.2	1787.0	345.6		

	8a144-10	    -- -->  	 265.5 °	   8.3 °		1.11								   8.3 °	0.16	1.11	1.10	724028.5	5021962.0	1787.0	345.5		

	8a144-10	    -- -->  	  41.6 °	   4.4 °		1.16								   4.4 °	0.09	1.16	1.16	724030.4	5021963.0	1787.0	345.6		

	8a144-10	    -- -->  	 163.0 °	   9.4 °		0.15								   9.4 °	0.02	0.15	0.15	724029.6	5021962.0	1786.9	344.5		

	8a144-10	    -- -->  	  73.8 °	 -82.7 °		1.41								 -82.7 °	-1.40	1.41	0.18	724029.8	5021962.2	1785.5	344.6		

	8a144-10	   8a144-11	 330.3 °	  81.5 °		2.38						0.3	0.0	  81.5 °	2.35	2.38	0.35	724029.4	5021962.4	1789.2	344.7		 pulse haut MC verticale

	8a144-11	    -- -->  	 337.7 °	  -3.4 °		0.34								  -3.4 °	-0.02	0.34	0.34	724029.3	5021962.7	1789.2	345.1		

	8a144-11	    -- -->  	  14.4 °	  68.3 °		0.35								  68.3 °	0.33	0.35	0.13	724029.5	5021962.5	1789.6	344.9		

	8a144-11	   8a144-12	  45.0 °	  19.5 °		1.94				0.2	0.5	2.4	0.8	  19.5 °	0.65	1.94	1.83	724030.7	5021963.7	1789.9	346.6		 vernis mini alc�ve. D�part plafond imp mais C.A

	8a144-12	    -- -->  	 305.4 °	   0.5 °		0.25								   0.5 °	0.00	0.25	0.25	724030.5	5021963.8	1789.9	346.8		

	8a144-12	    -- -->  	 130.2 °	  17.0 °		0.48								  17.0 °	0.14	0.48	0.46	724031.1	5021963.4	1790.0	347.0		

	8a144-12	    -- -->  	 191.8 °	   8.2 °		0.76								   8.2 °	0.11	0.76	0.75	724030.6	5021963.0	1790.0	347.3		

	8a144-12	    -- -->  	 177.3 °	 -81.3 °		0.76								 -81.3 °	-0.75	0.76	0.11	724030.7	5021963.6	1789.1	346.7		

	8a144-12	    -- -->  	 226.1 °	  81.0 °		2.44								  81.0 °	2.41	2.44	0.38	724030.5	5021963.4	1792.3	347.0		

